Rank,Username,Stars,Profile_URL
1,sindresorhus,1076957,https://gitstar-ranking.com/sindresorhus
2,karpathy,486576,https://gitstar-ranking.com/karpathy
3,nilbuild,466531,https://gitstar-ranking.com/nilbuild
4,donnemartin,464947,https://gitstar-ranking.com/donnemartin
5,jwasham,374266,https://gitstar-ranking.com/jwasham
6,HKUDS,351747,https://gitstar-ranking.com/HKUDS
7,vinta,321471,https://gitstar-ranking.com/vinta
8,trimstray,287997,https://gitstar-ranking.com/trimstray
9,obra,281036,https://gitstar-ranking.com/obra
10,996icu,276680,https://gitstar-ranking.com/996icu
11,trekhleb,257344,https://gitstar-ranking.com/trekhleb
12,torvalds,255994,https://gitstar-ranking.com/torvalds
13,mattpocock,250586,https://gitstar-ranking.com/mattpocock
14,affaan-m,243168,https://gitstar-ranking.com/affaan-m
15,521xueweihan,221069,https://gitstar-ranking.com/521xueweihan
16,getify,216384,https://gitstar-ranking.com/getify
17,ruanyf,215949,https://gitstar-ranking.com/ruanyf
18,jaywcjlove,213040,https://gitstar-ranking.com/jaywcjlove
19,justjavac,201663,https://gitstar-ranking.com/justjavac
20,jackfrued,201581,https://gitstar-ranking.com/jackfrued
21,CyC2018,192301,https://gitstar-ranking.com/CyC2018
22,yangshun,192021,https://gitstar-ranking.com/yangshun
23,rasbt,189249,https://gitstar-ranking.com/rasbt
24,f,187334,https://gitstar-ranking.com/f
25,bradtraversy,184691,https://gitstar-ranking.com/bradtraversy
26,avelino,183807,https://gitstar-ranking.com/avelino
27,lucidrains,183329,https://gitstar-ranking.com/lucidrains
28,Chalarangelo,180825,https://gitstar-ranking.com/Chalarangelo
29,jlevy,175950,https://gitstar-ranking.com/jlevy
30,ruvnet,174558,https://gitstar-ranking.com/ruvnet
31,lllyasviel,171500,https://gitstar-ranking.com/lllyasviel
32,AUTOMATIC1111,170905,https://gitstar-ranking.com/AUTOMATIC1111
33,Snailclimb,170879,https://gitstar-ranking.com/Snailclimb
34,sharkdp,170193,https://gitstar-ranking.com/sharkdp
35,garrytan,159810,https://gitstar-ranking.com/garrytan
36,typicode,159757,https://gitstar-ranking.com/typicode
37,tw93,158812,https://gitstar-ranking.com/tw93
38,Asabeneh,153944,https://gitstar-ranking.com/Asabeneh
39,addyosmani,152647,https://gitstar-ranking.com/addyosmani
40,sebastianbergmann,152576,https://gitstar-ranking.com/sebastianbergmann
41,junegunn,152089,https://gitstar-ranking.com/junegunn
42,kelseyhightower,144948,https://gitstar-ranking.com/kelseyhightower
43,jesseduffield,142492,https://gitstar-ranking.com/jesseduffield
44,danielmiessler,142235,https://gitstar-ranking.com/danielmiessler
45,tj,141814,https://gitstar-ranking.com/tj
46,JakeWharton,139786,https://gitstar-ranking.com/JakeWharton
47,krahets,138232,https://gitstar-ranking.com/krahets
48,labuladong,135914,https://gitstar-ranking.com/labuladong
49,goldbergyoni,135429,https://gitstar-ranking.com/goldbergyoni
50,Shubhamsaboo,134702,https://gitstar-ranking.com/Shubhamsaboo
51,ripienaar,134291,https://gitstar-ranking.com/ripienaar
52,macrozheng,134041,https://gitstar-ranking.com/macrozheng
53,mrdoob,133311,https://gitstar-ranking.com/mrdoob
54,adrianhajdin,126903,https://gitstar-ranking.com/adrianhajdin
55,mouredev,119113,https://gitstar-ranking.com/mouredev
56,PanJiaChen,118754,https://gitstar-ranking.com/PanJiaChen
57,louislam,116024,https://gitstar-ranking.com/louislam
58,BurntSushi,114028,https://gitstar-ranking.com/BurntSushi
59,wasabeef,113646,https://gitstar-ranking.com/wasabeef
60,fatedier,109300,https://gitstar-ranking.com/fatedier
61,tpope,108246,https://gitstar-ranking.com/tpope
62,spf13,107945,https://gitstar-ranking.com/spf13
63,lissy93,105743,https://gitstar-ranking.com/lissy93
64,keijiro,105291,https://gitstar-ranking.com/keijiro
65,3b1b,104038,https://gitstar-ranking.com/3b1b
66,Anduin2017,103717,https://gitstar-ranking.com/Anduin2017
67,thedaviddias,102627,https://gitstar-ranking.com/thedaviddias
68,tonsky,102148,https://gitstar-ranking.com/tonsky
69,florinpop17,101718,https://gitstar-ranking.com/florinpop17
70,ashishps1,101688,https://gitstar-ranking.com/ashishps1
71,enaqx,101373,https://gitstar-ranking.com/enaqx
72,bregman-arie,100669,https://gitstar-ranking.com/bregman-arie
73,nvbn,100664,https://gitstar-ranking.com/nvbn
74,jamiebuilds,100464,https://gitstar-ranking.com/jamiebuilds
75,ryanmcdermott,98569,https://gitstar-ranking.com/ryanmcdermott
76,hakimel,98232,https://gitstar-ranking.com/hakimel
77,FiloSottile,97441,https://gitstar-ranking.com/FiloSottile
78,iluwatar,96877,https://gitstar-ranking.com/iluwatar
79,dylanaraps,95620,https://gitstar-ranking.com/dylanaraps
80,ashishpatel26,94772,https://gitstar-ranking.com/ashishpatel26
81,fengdu78,91859,https://gitstar-ranking.com/fengdu78
82,Developer-Y,91682,https://gitstar-ranking.com/Developer-Y
83,phodal,91545,https://gitstar-ranking.com/phodal
84,thedotmack,91532,https://gitstar-ranking.com/thedotmack
85,swisskyrepo,90990,https://gitstar-ranking.com/swisskyrepo
86,easychen,89794,https://gitstar-ranking.com/easychen
87,alchaincyf,89374,https://gitstar-ranking.com/alchaincyf
88,MunGell,88867,https://gitstar-ranking.com/MunGell
89,necolas,87734,https://gitstar-ranking.com/necolas
90,PKUFlyingPig,86994,https://gitstar-ranking.com/PKUFlyingPig
91,bailicangdu,86763,https://gitstar-ranking.com/bailicangdu
92,ankane,86084,https://gitstar-ranking.com/ankane
93,peng-zhihui,85795,https://gitstar-ranking.com/peng-zhihui
94,folke,85649,https://gitstar-ranking.com/folke
95,fighting41love,85613,https://gitstar-ranking.com/fighting41love
96,antirez,85406,https://gitstar-ranking.com/antirez
97,NirDiamant,85152,https://gitstar-ranking.com/NirDiamant
98,hiyouga,85071,https://gitstar-ranking.com/hiyouga
99,D4Vinci,85010,https://gitstar-ranking.com/D4Vinci
100,XIU2,84831,https://gitstar-ranking.com/XIU2
101,sudheerj,84468,https://gitstar-ranking.com/sudheerj
102,cmliu,84332,https://gitstar-ranking.com/cmliu
103,anuraghazra,83988,https://gitstar-ranking.com/anuraghazra
104,chubin,82655,https://gitstar-ranking.com/chubin
105,wesbos,82484,https://gitstar-ranking.com/wesbos
106,DIYgod,82243,https://gitstar-ranking.com/DIYgod
107,prakhar1989,81587,https://gitstar-ranking.com/prakhar1989
108,MisterBooo,81163,https://gitstar-ranking.com/MisterBooo
109,jaredpalmer,81038,https://gitstar-ranking.com/jaredpalmer
110,TapXWorld,80420,https://gitstar-ranking.com/TapXWorld
111,ChrisTitusTech,80229,https://gitstar-ranking.com/ChrisTitusTech
112,minimaxir,80084,https://gitstar-ranking.com/minimaxir
113,unclecode,79664,https://gitstar-ranking.com/unclecode
114,Z4nzu,79584,https://gitstar-ranking.com/Z4nzu
115,chenglou,79227,https://gitstar-ranking.com/chenglou
116,Eugeny,78967,https://gitstar-ranking.com/Eugeny
117,youngyangyang04,78648,https://gitstar-ranking.com/youngyangyang04
118,jashkenas,78599,https://gitstar-ranking.com/jashkenas
119,egoist,78513,https://gitstar-ranking.com/egoist
120,ocornut,78292,https://gitstar-ranking.com/ocornut
121,schollz,77404,https://gitstar-ranking.com/schollz
122,gorhill,77378,https://gitstar-ranking.com/gorhill
123,abi,77250,https://gitstar-ranking.com/abi
124,developit,76905,https://gitstar-ranking.com/developit
125,sdmg15,76603,https://gitstar-ranking.com/sdmg15
126,1c7,76489,https://gitstar-ranking.com/1c7
127,fffaraz,76316,https://gitstar-ranking.com/fffaraz
128,steipete,76177,https://gitstar-ranking.com/steipete
129,josephmisiti,75802,https://gitstar-ranking.com/josephmisiti
130,kepano,75048,https://gitstar-ranking.com/kepano
131,bvaughn,74740,https://gitstar-ranking.com/bvaughn
132,ageron,74465,https://gitstar-ranking.com/ageron
133,geerlingguy,74107,https://gitstar-ranking.com/geerlingguy
134,s0md3v,73947,https://gitstar-ranking.com/s0md3v
135,juliangarnier,73843,https://gitstar-ranking.com/juliangarnier
136,binhnguyennus,73626,https://gitstar-ranking.com/binhnguyennus
137,code-yeongyu,73007,https://gitstar-ranking.com/code-yeongyu
138,chrislgarry,72631,https://gitstar-ranking.com/chrislgarry
139,ryanoasis,72310,https://gitstar-ranking.com/ryanoasis
140,topjohnwu,72179,https://gitstar-ranking.com/topjohnwu
141,lyswhut,72151,https://gitstar-ranking.com/lyswhut
142,liyupi,72008,https://gitstar-ranking.com/liyupi
143,antfu,71040,https://gitstar-ranking.com/antfu
144,lencx,71026,https://gitstar-ranking.com/lencx
145,amitshekhariitbhu,70837,https://gitstar-ranking.com/amitshekhariitbhu
146,llSourcell,70136,https://gitstar-ranking.com/llSourcell
147,rstacruz,69360,https://gitstar-ranking.com/rstacruz
148,amusi,68347,https://gitstar-ranking.com/amusi
149,leonardomso,68333,https://gitstar-ranking.com/leonardomso
150,op7418,68198,https://gitstar-ranking.com/op7418
151,eriklindernoren,67984,https://gitstar-ranking.com/eriklindernoren
152,jgthms,67606,https://gitstar-ranking.com/jgthms
153,PatrickJS,67208,https://gitstar-ranking.com/PatrickJS
154,skywind3000,67050,https://gitstar-ranking.com/skywind3000
155,skydoves,67020,https://gitstar-ranking.com/skydoves
156,PlexPt,66971,https://gitstar-ranking.com/PlexPt
157,colbymchenry,66933,https://gitstar-ranking.com/colbymchenry
158,shanraisshan,66751,https://gitstar-ranking.com/shanraisshan
159,santifer,66702,https://gitstar-ranking.com/santifer
160,dtolnay,66430,https://gitstar-ranking.com/dtolnay
161,pbakaus,66374,https://gitstar-ranking.com/pbakaus
162,dani-garcia,66006,https://gitstar-ranking.com/dani-garcia
163,midudev,65957,https://gitstar-ranking.com/midudev
164,tidwall,65654,https://gitstar-ranking.com/tidwall
165,kdn251,65392,https://gitstar-ranking.com/kdn251
166,simonw,65342,https://gitstar-ranking.com/simonw
167,soimort,64846,https://gitstar-ranking.com/soimort
168,nicklockwood,64534,https://gitstar-ranking.com/nicklockwood
169,evanw,64298,https://gitstar-ranking.com/evanw
170,YunaiV,64097,https://gitstar-ranking.com/YunaiV
171,jondot,63501,https://gitstar-ranking.com/jondot
172,ageitgey,63398,https://gitstar-ranking.com/ageitgey
173,asgeirtj,63198,https://gitstar-ranking.com/asgeirtj
174,hehonghui,62965,https://gitstar-ranking.com/hehonghui
175,laurent22,62595,https://gitstar-ranking.com/laurent22
176,kovidgoyal,62149,https://gitstar-ranking.com/kovidgoyal
177,romkatv,61770,https://gitstar-ranking.com/romkatv
178,charlax,61604,https://gitstar-ranking.com/charlax
179,Solido,61509,https://gitstar-ranking.com/Solido
180,WerWolv,61152,https://gitstar-ranking.com/WerWolv
181,xingshaocheng,60981,https://gitstar-ranking.com/xingshaocheng
182,byoungd,60698,https://gitstar-ranking.com/byoungd
183,adam-p,60576,https://gitstar-ranking.com/adam-p
184,jakevdp,60511,https://gitstar-ranking.com/jakevdp
185,CorentinJ,60446,https://gitstar-ranking.com/CorentinJ
186,azl397985856,60296,https://gitstar-ranking.com/azl397985856
187,vadimdemedes,60183,https://gitstar-ranking.com/vadimdemedes
188,lukeed,59343,https://gitstar-ranking.com/lukeed
189,unknwon,58995,https://gitstar-ranking.com/unknwon
190,mattn,58724,https://gitstar-ranking.com/mattn
191,scutan90,58658,https://gitstar-ranking.com/scutan90
192,tiimgreen,58654,https://gitstar-ranking.com/tiimgreen
193,Loyalsoldier,58624,https://gitstar-ranking.com/Loyalsoldier
194,chiphuyen,58473,https://gitstar-ranking.com/chiphuyen
195,fogleman,58024,https://gitstar-ranking.com/fogleman
196,sdras,57905,https://gitstar-ranking.com/sdras
197,mathiasbynens,56711,https://gitstar-ranking.com/mathiasbynens
198,astaxie,56686,https://gitstar-ranking.com/astaxie
199,mudler,56638,https://gitstar-ranking.com/mudler
200,wagoodman,56382,https://gitstar-ranking.com/wagoodman
201,streamich,56359,https://gitstar-ranking.com/streamich
202,gedoor,56260,https://gitstar-ranking.com/gedoor
203,karan,56038,https://gitstar-ranking.com/karan
204,krishnaik06,56020,https://gitstar-ranking.com/krishnaik06
205,Raphire,55711,https://gitstar-ranking.com/Raphire
206,AntonOsika,55696,https://gitstar-ranking.com/AntonOsika
207,jgm,55695,https://gitstar-ranking.com/jgm
208,poteto,55676,https://gitstar-ranking.com/poteto
209,ngosang,55603,https://gitstar-ranking.com/ngosang
210,DavidHDev,55581,https://gitstar-ranking.com/DavidHDev
211,vsouza,55378,https://gitstar-ranking.com/vsouza
212,dkhamsing,55036,https://gitstar-ranking.com/dkhamsing
213,zhaoolee,54477,https://gitstar-ranking.com/zhaoolee
214,oblador,54460,https://gitstar-ranking.com/oblador
215,zenorocha,54270,https://gitstar-ranking.com/zenorocha
216,kentcdodds,54259,https://gitstar-ranking.com/kentcdodds
217,NARKOZ,54193,https://gitstar-ranking.com/NARKOZ
218,CarGuo,54158,https://gitstar-ranking.com/CarGuo
219,brillout,53855,https://gitstar-ranking.com/brillout
220,GokuMohandas,53663,https://gitstar-ranking.com/GokuMohandas
221,coreybutler,53395,https://gitstar-ranking.com/coreybutler
222,agalwood,53209,https://gitstar-ranking.com/agalwood
223,Blankj,53074,https://gitstar-ranking.com/Blankj
224,ai,53059,https://gitstar-ranking.com/ai
225,mifi,53045,https://gitstar-ranking.com/mifi
226,mgechev,52966,https://gitstar-ranking.com/mgechev
227,bee-san,52705,https://gitstar-ranking.com/bee-san
228,JedWatson,52642,https://gitstar-ranking.com/JedWatson
229,alyssaxuu,52547,https://gitstar-ranking.com/alyssaxuu
230,rougier,52289,https://gitstar-ranking.com/rougier
231,bannedbook,52228,https://gitstar-ranking.com/bannedbook
232,bevacqua,52151,https://gitstar-ranking.com/bevacqua
233,keon,52078,https://gitstar-ranking.com/keon
234,mingrammer,51743,https://gitstar-ranking.com/mingrammer
235,nlohmann,51627,https://gitstar-ranking.com/nlohmann
236,ziishaned,51611,https://gitstar-ranking.com/ziishaned
237,OpenGVLab,51605,https://gitstar-ranking.com/OpenGVLab
238,zhayujie,51407,https://gitstar-ranking.com/zhayujie
239,hiteshchoudhary,51246,https://gitstar-ranking.com/hiteshchoudhary
240,blueimp,51042,https://gitstar-ranking.com/blueimp
241,andrewyng,50640,https://gitstar-ranking.com/andrewyng
242,nhn,50597,https://gitstar-ranking.com/nhn
243,Jack-Cherish,50570,https://gitstar-ranking.com/Jack-Cherish
244,mafintosh,50539,https://gitstar-ranking.com/mafintosh
245,iperov,50517,https://gitstar-ranking.com/iperov
246,aymericdamien,50444,https://gitstar-ranking.com/aymericdamien
247,aimeos,50416,https://gitstar-ranking.com/aimeos
248,serhii-londar,50393,https://gitstar-ranking.com/serhii-londar
249,halfrost,50349,https://gitstar-ranking.com/halfrost
250,iamkun,50287,https://gitstar-ranking.com/iamkun
251,skylot,50199,https://gitstar-ranking.com/skylot
252,xinntao,50123,https://gitstar-ranking.com/xinntao
253,Wei-Shaw,50023,https://gitstar-ranking.com/Wei-Shaw
254,onevcat,49991,https://gitstar-ranking.com/onevcat
255,evilsocket,49935,https://gitstar-ranking.com/evilsocket
256,eugeneyan,49836,https://gitstar-ranking.com/eugeneyan
257,denysdovhan,49786,https://gitstar-ranking.com/denysdovhan
258,sahat,49736,https://gitstar-ranking.com/sahat
259,vinceliuice,49423,https://gitstar-ranking.com/vinceliuice
260,alex,49393,https://gitstar-ranking.com/alex
261,transitive-bullshit,49235,https://gitstar-ranking.com/transitive-bullshit
262,akullpp,49031,https://gitstar-ranking.com/akullpp
263,DovAmir,48726,https://gitstar-ranking.com/DovAmir
264,junyanz,48543,https://gitstar-ranking.com/junyanz
265,sorrycc,48504,https://gitstar-ranking.com/sorrycc
266,lukasz-madon,48484,https://gitstar-ranking.com/lukasz-madon
267,LeCoupa,48404,https://gitstar-ranking.com/LeCoupa
268,florent37,48312,https://gitstar-ranking.com/florent37
269,AllThingsSmitty,48224,https://gitstar-ranking.com/AllThingsSmitty
270,sunface,48176,https://gitstar-ranking.com/sunface
271,ityouknow,47765,https://gitstar-ranking.com/ityouknow
272,timescale,47496,https://gitstar-ranking.com/timescale
273,gaearon,47480,https://gitstar-ranking.com/gaearon
274,dypsilon,47413,https://gitstar-ranking.com/dypsilon
275,nolimits4web,47078,https://gitstar-ranking.com/nolimits4web
276,vnpy,46943,https://gitstar-ranking.com/vnpy
277,daimajia,46920,https://gitstar-ranking.com/daimajia
278,9001,46861,https://gitstar-ranking.com/9001
279,formulahendry,46675,https://gitstar-ranking.com/formulahendry
280,colinhacks,46423,https://gitstar-ranking.com/colinhacks
281,mitchellh,46409,https://gitstar-ranking.com/mitchellh
282,pbatard,46343,https://gitstar-ranking.com/pbatard
283,ahmetb,46294,https://gitstar-ranking.com/ahmetb
284,felixrieseberg,46271,https://gitstar-ranking.com/felixrieseberg
285,Apress,46095,https://gitstar-ranking.com/Apress
286,floodsung,46083,https://gitstar-ranking.com/floodsung
287,GitSquared,46012,https://gitstar-ranking.com/GitSquared
288,twostraws,45447,https://gitstar-ranking.com/twostraws
289,saadeghi,45354,https://gitstar-ranking.com/saadeghi
290,p-e-w,45319,https://gitstar-ranking.com/p-e-w
291,alvarotrigo,45032,https://gitstar-ranking.com/alvarotrigo
292,ymcui,44908,https://gitstar-ranking.com/ymcui
293,Unitech,44868,https://gitstar-ranking.com/Unitech
294,raysan5,44798,https://gitstar-ranking.com/raysan5
295,hongyangAndroid,44788,https://gitstar-ranking.com/hongyangAndroid
296,max-mapper,44652,https://gitstar-ranking.com/max-mapper
297,samber,44589,https://gitstar-ranking.com/samber
298,anvaka,44582,https://gitstar-ranking.com/anvaka
299,fengyuanchen,44376,https://gitstar-ranking.com/fengyuanchen
300,acheong08,44302,https://gitstar-ranking.com/acheong08
301,knadh,44264,https://gitstar-ranking.com/knadh
302,ianstormtaylor,44151,https://gitstar-ranking.com/ianstormtaylor
303,Light-City,44115,https://gitstar-ranking.com/Light-City
304,rsms,44096,https://gitstar-ranking.com/rsms
305,jianchang512,44036,https://gitstar-ranking.com/jianchang512
306,remy,44020,https://gitstar-ranking.com/remy
307,hankcs,44003,https://gitstar-ranking.com/hankcs
308,mrdbourke,43881,https://gitstar-ranking.com/mrdbourke
309,huihut,43857,https://gitstar-ranking.com/huihut
310,lenve,43817,https://gitstar-ranking.com/lenve
311,ThePrimeagen,43434,https://gitstar-ranking.com/ThePrimeagen
312,Tyrrrz,43424,https://gitstar-ranking.com/Tyrrrz
313,jarun,43382,https://gitstar-ranking.com/jarun
314,faif,43127,https://gitstar-ranking.com/faif
315,mli,43076,https://gitstar-ranking.com/mli
316,juanfont,43042,https://gitstar-ranking.com/juanfont
317,crossoverJie,43016,https://gitstar-ranking.com/crossoverJie
318,iampawan,43010,https://gitstar-ranking.com/iampawan
319,k88hudson,42901,https://gitstar-ranking.com/k88hudson
320,CorentinTh,42752,https://gitstar-ranking.com/CorentinTh
321,miguelgrinberg,42718,https://gitstar-ranking.com/miguelgrinberg
322,luongnv89,42668,https://gitstar-ranking.com/luongnv89
323,sxyazi,42386,https://gitstar-ranking.com/sxyazi
324,jaredhanson,42374,https://gitstar-ranking.com/jaredhanson
325,programthink,42305,https://gitstar-ranking.com/programthink
326,jdx,42108,https://gitstar-ranking.com/jdx
327,amruthpillai,42105,https://gitstar-ranking.com/amruthpillai
328,rwaldron,42091,https://gitstar-ranking.com/rwaldron
329,Anil-matcha,41985,https://gitstar-ranking.com/Anil-matcha
330,ibireme,41954,https://gitstar-ranking.com/ibireme
331,wg,41909,https://gitstar-ranking.com/wg
332,derailed,41816,https://gitstar-ranking.com/derailed
333,exelban,41631,https://gitstar-ranking.com/exelban
334,MorvanZhou,41622,https://gitstar-ranking.com/MorvanZhou
335,liquidslr,41560,https://gitstar-ranking.com/liquidslr
336,carpedm20,41425,https://gitstar-ranking.com/carpedm20
337,nilaoda,41399,https://gitstar-ranking.com/nilaoda
338,dennybritz,41317,https://gitstar-ranking.com/dennybritz
339,vasanthk,41273,https://gitstar-ranking.com/vasanthk
340,GyulyVGC,40826,https://gitstar-ranking.com/GyulyVGC
341,jivoi,40796,https://gitstar-ranking.com/jivoi
342,koalaman,40613,https://gitstar-ranking.com/koalaman
343,Trinea,40594,https://gitstar-ranking.com/Trinea
344,huiyadanli,40535,https://gitstar-ranking.com/huiyadanli
345,0xAX,40531,https://gitstar-ranking.com/0xAX
346,wsdjeg,40430,https://gitstar-ranking.com/wsdjeg
347,blader,40417,https://gitstar-ranking.com/blader
348,yunjey,40260,https://gitstar-ranking.com/yunjey
349,gto76,40227,https://gitstar-ranking.com/gto76
350,hwdsl2,40074,https://gitstar-ranking.com/hwdsl2
351,geekan,40039,https://gitstar-ranking.com/geekan
352,fatih,40002,https://gitstar-ranking.com/fatih
353,ajeetdsouza,39995,https://gitstar-ranking.com/ajeetdsouza
354,ardalis,39909,https://gitstar-ranking.com/ardalis
355,rakyll,39853,https://gitstar-ranking.com/rakyll
356,bojieli,39638,https://gitstar-ranking.com/bojieli
357,binarywang,39557,https://gitstar-ranking.com/binarywang
358,timqian,39456,https://gitstar-ranking.com/timqian
359,kilimchoi,39420,https://gitstar-ranking.com/kilimchoi
360,isaacs,39385,https://gitstar-ranking.com/isaacs
361,mattdesl,39164,https://gitstar-ranking.com/mattdesl
362,Dogfalo,39142,https://gitstar-ranking.com/Dogfalo
363,PhilJay,39117,https://gitstar-ranking.com/PhilJay
364,jpillora,39111,https://gitstar-ranking.com/jpillora
365,XingangPan,39063,https://gitstar-ranking.com/XingangPan
366,rui314,39028,https://gitstar-ranking.com/rui314
367,greenrobot,38971,https://gitstar-ranking.com/greenrobot
368,chokcoco,38811,https://gitstar-ranking.com/chokcoco
369,jedisct1,38784,https://gitstar-ranking.com/jedisct1
370,alebcay,38600,https://gitstar-ranking.com/alebcay
371,leandromoreira,38544,https://gitstar-ranking.com/leandromoreira
372,mislav,38466,https://gitstar-ranking.com/mislav
373,tiann,38401,https://gitstar-ranking.com/tiann
374,Lakr233,38298,https://gitstar-ranking.com/Lakr233
375,kuchin,38263,https://gitstar-ranking.com/kuchin
376,tomnomnom,38245,https://gitstar-ranking.com/tomnomnom
377,satwikkansal,38170,https://gitstar-ranking.com/satwikkansal
378,drduh,38153,https://gitstar-ranking.com/drduh
379,tobi,38110,https://gitstar-ranking.com/tobi
380,camenduru,38047,https://gitstar-ranking.com/camenduru
381,asmvik,38021,https://gitstar-ranking.com/asmvik
382,lizongying,37915,https://gitstar-ranking.com/lizongying
383,gajus,37882,https://gitstar-ranking.com/gajus
384,Binaryify,37847,https://gitstar-ranking.com/Binaryify
385,GorvGoyl,37802,https://gitstar-ranking.com/GorvGoyl
386,johnpapa,37800,https://gitstar-ranking.com/johnpapa
387,lfnovo,37745,https://gitstar-ranking.com/lfnovo
388,thangchung,37729,https://gitstar-ranking.com/thangchung
389,alan2207,37708,https://gitstar-ranking.com/alan2207
390,caolan,37683,https://gitstar-ranking.com/caolan
391,antonmedv,37649,https://gitstar-ranking.com/antonmedv
392,muesli,37394,https://gitstar-ranking.com/muesli
393,eugenp,37378,https://gitstar-ranking.com/eugenp
394,casey,37364,https://gitstar-ranking.com/casey
395,defunkt,37357,https://gitstar-ranking.com/defunkt
396,ranaroussi,37319,https://gitstar-ranking.com/ranaroussi
397,musistudio,37282,https://gitstar-ranking.com/musistudio
398,be5invis,37259,https://gitstar-ranking.com/be5invis
399,yeasy,37213,https://gitstar-ranking.com/yeasy
400,xuxueli,37212,https://gitstar-ranking.com/xuxueli
401,dimsemenov,37166,https://gitstar-ranking.com/dimsemenov
402,blakeblackshear,37095,https://gitstar-ranking.com/blakeblackshear
403,yuliskov,37094,https://gitstar-ranking.com/yuliskov
404,babysor,37061,https://gitstar-ranking.com/babysor
405,chrisbanes,36991,https://gitstar-ranking.com/chrisbanes
406,veggiemonk,36935,https://gitstar-ranking.com/veggiemonk
407,herrbischoff,36880,https://gitstar-ranking.com/herrbischoff
408,ascoders,36865,https://gitstar-ranking.com/ascoders
409,fchollet,36742,https://gitstar-ranking.com/fchollet
410,qianguyihao,36737,https://gitstar-ranking.com/qianguyihao
411,esengine,36534,https://gitstar-ranking.com/esengine
412,shuding,36424,https://gitstar-ranking.com/shuding
413,zhongyi-tong,36414,https://gitstar-ranking.com/zhongyi-tong
414,valinet,36325,https://gitstar-ranking.com/valinet
415,fxsjy,36297,https://gitstar-ranking.com/fxsjy
416,emilk,36230,https://gitstar-ranking.com/emilk
417,jart,36225,https://gitstar-ranking.com/jart
418,the1812,36095,https://gitstar-ranking.com/the1812
419,jxnblk,36088,https://gitstar-ranking.com/jxnblk
420,QianMo,36018,https://gitstar-ranking.com/QianMo
421,JohnSundell,36012,https://gitstar-ranking.com/JohnSundell
422,binwiederhier,35959,https://gitstar-ranking.com/binwiederhier
423,geekcomputers,35914,https://gitstar-ranking.com/geekcomputers
424,ssloy,35691,https://gitstar-ranking.com/ssloy
425,ryanhanwu,35671,https://gitstar-ranking.com/ryanhanwu
426,surmon-china,35655,https://gitstar-ranking.com/surmon-china
427,jcjohnson,35475,https://gitstar-ranking.com/jcjohnson
427,Dimillian,35475,https://gitstar-ranking.com/Dimillian
429,clauderic,35458,https://gitstar-ranking.com/clauderic
430,kdeldycke,35385,https://gitstar-ranking.com/kdeldycke
431,orhun,35373,https://gitstar-ranking.com/orhun
432,mxgmn,35355,https://gitstar-ranking.com/mxgmn
433,rxi,35282,https://gitstar-ranking.com/rxi
434,afshinea,35249,https://gitstar-ranking.com/afshinea
435,SebLague,35237,https://gitstar-ranking.com/SebLague
436,nicolargo,35071,https://gitstar-ranking.com/nicolargo
437,nothings,35068,https://gitstar-ranking.com/nothings
438,in28minutes,35030,https://gitstar-ranking.com/in28minutes
439,acdlite,35021,https://gitstar-ranking.com/acdlite
440,dwmkerr,35000,https://gitstar-ranking.com/dwmkerr
441,lovell,34918,https://gitstar-ranking.com/lovell
442,niklasvh,34902,https://gitstar-ranking.com/niklasvh
443,qishibo,34846,https://gitstar-ranking.com/qishibo
444,valyala,34843,https://gitstar-ranking.com/valyala
445,brendangregg,34828,https://gitstar-ranking.com/brendangregg
446,desandro,34812,https://gitstar-ranking.com/desandro
447,can1357,34797,https://gitstar-ranking.com/can1357
448,insidegui,34796,https://gitstar-ranking.com/insidegui
449,nagadomi,34736,https://gitstar-ranking.com/nagadomi
450,Kludex,34597,https://gitstar-ranking.com/Kludex
451,testerSunshine,34559,https://gitstar-ranking.com/testerSunshine
452,xkcoding,34482,https://gitstar-ranking.com/xkcoding
453,IanLunn,34399,https://gitstar-ranking.com/IanLunn
454,josdejong,34379,https://gitstar-ranking.com/josdejong
455,pcottle,34371,https://gitstar-ranking.com/pcottle
456,abiosoft,34361,https://gitstar-ranking.com/abiosoft
457,ValdikSS,34323,https://gitstar-ranking.com/ValdikSS
458,JessYanCoding,34222,https://gitstar-ranking.com/JessYanCoding
459,phoboslab,34126,https://gitstar-ranking.com/phoboslab
460,opa334,34124,https://gitstar-ranking.com/opa334
461,feross,34086,https://gitstar-ranking.com/feross
462,sundowndev,34041,https://gitstar-ranking.com/sundowndev
463,chenfei-wu,34031,https://gitstar-ranking.com/chenfei-wu
464,bayandin,34000,https://gitstar-ranking.com/bayandin
465,yihong0618,33960,https://gitstar-ranking.com/yihong0618
466,lutzroeder,33872,https://gitstar-ranking.com/lutzroeder
467,rs,33803,https://gitstar-ranking.com/rs
468,dgtlmoon,33671,https://gitstar-ranking.com/dgtlmoon
469,fuzhengwei,33652,https://gitstar-ranking.com/fuzhengwei
470,CamDavidsonPilon,33374,https://gitstar-ranking.com/CamDavidsonPilon
471,sirupsen,33373,https://gitstar-ranking.com/sirupsen
472,AlexsJones,33355,https://gitstar-ranking.com/AlexsJones
473,mqyqingfeng,33337,https://gitstar-ranking.com/mqyqingfeng
474,mholt,33232,https://gitstar-ranking.com/mholt
475,dandavison,33195,https://gitstar-ranking.com/dandavison
476,jonasschmedtmann,33172,https://gitstar-ranking.com/jonasschmedtmann
477,netease-youdao,33054,https://gitstar-ranking.com/netease-youdao
478,fzaninotto,33014,https://gitstar-ranking.com/fzaninotto
479,nikivdev,33005,https://gitstar-ranking.com/nikivdev
480,gildas-lormeau,32992,https://gitstar-ranking.com/gildas-lormeau
481,rothgar,32979,https://gitstar-ranking.com/rothgar
482,78,32957,https://gitstar-ranking.com/78
483,mikepenz,32956,https://gitstar-ranking.com/mikepenz
484,AtsushiSakai,32886,https://gitstar-ranking.com/AtsushiSakai
485,cfenollosa,32838,https://gitstar-ranking.com/cfenollosa
486,ziadoz,32768,https://gitstar-ranking.com/ziadoz
487,amix,32724,https://gitstar-ranking.com/amix
488,JimLiu,32656,https://gitstar-ranking.com/JimLiu
489,ariya,32587,https://gitstar-ranking.com/ariya
490,krzysztofzablocki,32557,https://gitstar-ranking.com/krzysztofzablocki
491,barry-ran,32534,https://gitstar-ranking.com/barry-ran
492,pomber,32519,https://gitstar-ranking.com/pomber
493,iawia002,32491,https://gitstar-ranking.com/iawia002
494,philipwalton,32229,https://gitstar-ranking.com/philipwalton
495,lyogavin,32224,https://gitstar-ranking.com/lyogavin
496,linexjlin,32218,https://gitstar-ranking.com/linexjlin
497,Shougo,32167,https://gitstar-ranking.com/Shougo
497,gcanti,32167,https://gitstar-ranking.com/gcanti
499,samyk,32151,https://gitstar-ranking.com/samyk
500,ogham,32017,https://gitstar-ranking.com/ogham
500,onmyway133,32017,https://gitstar-ranking.com/onmyway133
502,haoel,31952,https://gitstar-ranking.com/haoel
503,Anuken,31939,https://gitstar-ranking.com/Anuken
504,norvig,31927,https://gitstar-ranking.com/norvig
505,Chanzhaoyu,31882,https://gitstar-ranking.com/Chanzhaoyu
506,Wilfred,31877,https://gitstar-ranking.com/Wilfred
507,rhysd,31870,https://gitstar-ranking.com/rhysd
508,miloyip,31861,https://gitstar-ranking.com/miloyip
509,koush,31759,https://gitstar-ranking.com/koush
510,kenwheeler,31756,https://gitstar-ranking.com/kenwheeler
511,davila7,31752,https://gitstar-ranking.com/davila7
512,nvie,31708,https://gitstar-ranking.com/nvie
513,listen1,31575,https://gitstar-ranking.com/listen1
514,terkelg,31572,https://gitstar-ranking.com/terkelg
515,ekzhang,31520,https://gitstar-ranking.com/ekzhang
516,angristan,31479,https://gitstar-ranking.com/angristan
517,StevenBlack,31424,https://gitstar-ranking.com/StevenBlack
518,Pierian-Data,31386,https://gitstar-ranking.com/Pierian-Data
519,zhiwehu,31380,https://gitstar-ranking.com/zhiwehu
520,matryer,31342,https://gitstar-ranking.com/matryer
521,lbjlaq,31167,https://gitstar-ranking.com/lbjlaq
522,barryvdh,31162,https://gitstar-ranking.com/barryvdh
523,maboloshi,31133,https://gitstar-ranking.com/maboloshi
524,posquit0,31055,https://gitstar-ranking.com/posquit0
525,hasherezade,31051,https://gitstar-ranking.com/hasherezade
526,aosabook,31015,https://gitstar-ranking.com/aosabook
527,afollestad,30937,https://gitstar-ranking.com/afollestad
528,judasn,30913,https://gitstar-ranking.com/judasn
529,free-nodes,30899,https://gitstar-ranking.com/free-nodes
530,mhinz,30881,https://gitstar-ranking.com/mhinz
531,joshbuchea,30879,https://gitstar-ranking.com/joshbuchea
532,WongKinYiu,30831,https://gitstar-ranking.com/WongKinYiu
533,Swordfish90,30720,https://gitstar-ranking.com/Swordfish90
534,StephenGrider,30713,https://gitstar-ranking.com/StephenGrider
535,inconshreveable,30695,https://gitstar-ranking.com/inconshreveable
536,overtrue,30661,https://gitstar-ranking.com/overtrue
537,cloudwu,30637,https://gitstar-ranking.com/cloudwu
538,ustbhuangyi,30620,https://gitstar-ranking.com/ustbhuangyi
539,LaravelDaily,30612,https://gitstar-ranking.com/LaravelDaily
540,lukasmasuch,30566,https://gitstar-ranking.com/lukasmasuch
541,cjpais,30455,https://gitstar-ranking.com/cjpais
542,imthenachoman,30447,https://gitstar-ranking.com/imthenachoman
543,robertdavidgraham,30446,https://gitstar-ranking.com/robertdavidgraham
544,aFarkas,30444,https://gitstar-ranking.com/aFarkas
545,sampotts,30397,https://gitstar-ranking.com/sampotts
546,paulirish,30281,https://gitstar-ranking.com/paulirish
547,VincentGarreau,30270,https://gitstar-ranking.com/VincentGarreau
548,benawad,30250,https://gitstar-ranking.com/benawad
549,luong-komorebi,30211,https://gitstar-ranking.com/luong-komorebi
550,ChenYilong,30190,https://gitstar-ranking.com/ChenYilong
551,michalsnik,30157,https://gitstar-ranking.com/michalsnik
552,tmrts,30144,https://gitstar-ranking.com/tmrts
553,MichaelCade,30085,https://gitstar-ranking.com/MichaelCade
554,rxhanson,30010,https://gitstar-ranking.com/rxhanson
555,nashsu,29977,https://gitstar-ranking.com/nashsu
556,DrKLO,29953,https://gitstar-ranking.com/DrKLO
557,qiurunze123,29948,https://gitstar-ranking.com/qiurunze123
558,imDazui,29937,https://gitstar-ranking.com/imDazui
559,assafelovic,29908,https://gitstar-ranking.com/assafelovic
560,Molunerfinn,29885,https://gitstar-ranking.com/Molunerfinn
561,Rich-Harris,29842,https://gitstar-ranking.com/Rich-Harris
562,paulmillr,29832,https://gitstar-ranking.com/paulmillr
563,wangshub,29766,https://gitstar-ranking.com/wangshub
564,gustavoguanabara,29757,https://gitstar-ranking.com/gustavoguanabara
565,littlecodersh,29734,https://gitstar-ranking.com/littlecodersh
566,marcuswestin,29674,https://gitstar-ranking.com/marcuswestin
567,emmabostian,29643,https://gitstar-ranking.com/emmabostian
568,wilsonfreitas,29623,https://gitstar-ranking.com/wilsonfreitas
569,tholman,29607,https://gitstar-ranking.com/tholman
570,alecthomas,29543,https://gitstar-ranking.com/alecthomas
571,lukehoban,29533,https://gitstar-ranking.com/lukehoban
572,gabime,29504,https://gitstar-ranking.com/gabime
573,k4m4,29499,https://gitstar-ranking.com/k4m4
574,shibing624,29466,https://gitstar-ranking.com/shibing624
575,byt3bl33d3r,29459,https://gitstar-ranking.com/byt3bl33d3r
576,ForrestKnight,29453,https://gitstar-ranking.com/ForrestKnight
577,benedekrozemberczki,29428,https://gitstar-ranking.com/benedekrozemberczki
578,cubiq,29425,https://gitstar-ranking.com/cubiq
579,klaudiosinani,29367,https://gitstar-ranking.com/klaudiosinani
580,jbhuang0604,29343,https://gitstar-ranking.com/jbhuang0604
581,mrousavy,29256,https://gitstar-ranking.com/mrousavy
582,Ebazhanov,29220,https://gitstar-ranking.com/Ebazhanov
583,Perfare,29203,https://gitstar-ranking.com/Perfare
584,sqshq,29189,https://gitstar-ranking.com/sqshq
585,jeromeetienne,29169,https://gitstar-ranking.com/jeromeetienne
586,viatsko,29168,https://gitstar-ranking.com/viatsko
587,viraptor,29147,https://gitstar-ranking.com/viraptor
588,ChristosChristofidis,29143,https://gitstar-ranking.com/ChristosChristofidis
589,pedronauck,29133,https://gitstar-ranking.com/pedronauck
590,JanDeDobbeleer,29001,https://gitstar-ranking.com/JanDeDobbeleer
591,ZuzooVn,28986,https://gitstar-ranking.com/ZuzooVn
592,wuyouzhuguli,28972,https://gitstar-ranking.com/wuyouzhuguli
593,markerikson,28917,https://gitstar-ranking.com/markerikson
594,ahujasid,28908,https://gitstar-ranking.com/ahujasid
595,wesm,28881,https://gitstar-ranking.com/wesm
596,fanmingming,28807,https://gitstar-ranking.com/fanmingming
597,madrobby,28786,https://gitstar-ranking.com/madrobby
598,BradLarson,28687,https://gitstar-ranking.com/BradLarson
599,kataras,28629,https://gitstar-ranking.com/kataras
600,ggreer,28610,https://gitstar-ranking.com/ggreer
601,mahmoud,28581,https://gitstar-ranking.com/mahmoud
602,careercup,28568,https://gitstar-ranking.com/careercup
603,appleboy,28487,https://gitstar-ranking.com/appleboy
604,yamadashy,28485,https://gitstar-ranking.com/yamadashy
605,pubkey,28469,https://gitstar-ranking.com/pubkey
606,FredKSchott,28447,https://gitstar-ranking.com/FredKSchott
607,hemanth,28446,https://gitstar-ranking.com/hemanth
608,krasimir,28417,https://gitstar-ranking.com/krasimir
609,chai2010,28388,https://gitstar-ranking.com/chai2010
610,iamshaunjp,28358,https://gitstar-ranking.com/iamshaunjp
611,jorgebucaran,28247,https://gitstar-ranking.com/jorgebucaran
612,P3TERX,28233,https://gitstar-ranking.com/P3TERX
613,smallnest,28131,https://gitstar-ranking.com/smallnest
614,leereilly,28124,https://gitstar-ranking.com/leereilly
615,opendigg,28108,https://gitstar-ranking.com/opendigg
616,jquense,28100,https://gitstar-ranking.com/jquense
617,squidfunk,28073,https://gitstar-ranking.com/squidfunk
618,eyaltoledano,28051,https://gitstar-ranking.com/eyaltoledano
619,adi1090x,28031,https://gitstar-ranking.com/adi1090x
620,fouber,27938,https://gitstar-ranking.com/fouber
621,oldj,27920,https://gitstar-ranking.com/oldj
622,pjreddie,27909,https://gitstar-ranking.com/pjreddie
623,privatenumber,27890,https://gitstar-ranking.com/privatenumber
624,joewalnes,27871,https://gitstar-ranking.com/joewalnes
625,scwang90,27765,https://gitstar-ranking.com/scwang90
626,Schniz,27761,https://gitstar-ranking.com/Schniz
627,anishathalye,27752,https://gitstar-ranking.com/anishathalye
628,yetone,27748,https://gitstar-ranking.com/yetone
629,blackmatrix7,27741,https://gitstar-ranking.com/blackmatrix7
630,crazycodeboy,27740,https://gitstar-ranking.com/crazycodeboy
631,serengil,27732,https://gitstar-ranking.com/serengil
632,coleifer,27694,https://gitstar-ranking.com/coleifer
633,NickeManarin,27653,https://gitstar-ranking.com/NickeManarin
634,hustcc,27638,https://gitstar-ranking.com/hustcc
635,philc,27626,https://gitstar-ranking.com/philc
636,KurtBestor,27618,https://gitstar-ranking.com/KurtBestor
637,pppscn,27589,https://gitstar-ranking.com/pppscn
638,houshanren,27550,https://gitstar-ranking.com/houshanren
639,sczhou,27548,https://gitstar-ranking.com/sczhou
640,AlexxIT,27516,https://gitstar-ranking.com/AlexxIT
640,dragen1860,27516,https://gitstar-ranking.com/dragen1860
642,brightmart,27514,https://gitstar-ranking.com/brightmart
643,changkun,27510,https://gitstar-ranking.com/changkun
644,nikic,27495,https://gitstar-ranking.com/nikic
645,walter201230,27491,https://gitstar-ranking.com/walter201230
646,thomaspark,27486,https://gitstar-ranking.com/thomaspark
647,alirezarezvani,27461,https://gitstar-ranking.com/alirezarezvani
648,benbjohnson,27426,https://gitstar-ranking.com/benbjohnson
649,matteocrippa,27412,https://gitstar-ranking.com/matteocrippa
650,mitsuhiko,27383,https://gitstar-ranking.com/mitsuhiko
651,bingoogolapple,27336,https://gitstar-ranking.com/bingoogolapple
652,thedevdojo,27247,https://gitstar-ranking.com/thedevdojo
653,terryum,27244,https://gitstar-ranking.com/terryum
654,conwnet,27174,https://gitstar-ranking.com/conwnet
655,Igglybuff,27165,https://gitstar-ranking.com/Igglybuff
656,mbadolato,27142,https://gitstar-ranking.com/mbadolato
657,SamyPesse,27124,https://gitstar-ranking.com/SamyPesse
658,jonschlinkert,27115,https://gitstar-ranking.com/jonschlinkert
659,robbiehanson,27078,https://gitstar-ranking.com/robbiehanson
660,scottbez1,27065,https://gitstar-ranking.com/scottbez1
661,agarrharr,27014,https://gitstar-ranking.com/agarrharr
662,goldfire,26943,https://gitstar-ranking.com/goldfire
663,Vonng,26884,https://gitstar-ranking.com/Vonng
664,JustVugg,26863,https://gitstar-ranking.com/JustVugg
665,camsong,26854,https://gitstar-ranking.com/camsong
666,AllenDowney,26789,https://gitstar-ranking.com/AllenDowney
667,jasontaylordev,26759,https://gitstar-ranking.com/jasontaylordev
668,swyxio,26729,https://gitstar-ranking.com/swyxio
669,petehunt,26728,https://gitstar-ranking.com/petehunt
670,chjj,26718,https://gitstar-ranking.com/chjj
671,igrigorik,26709,https://gitstar-ranking.com/igrigorik
672,c0re100,26685,https://gitstar-ranking.com/c0re100
673,davideuler,26673,https://gitstar-ranking.com/davideuler
674,gpakosz,26661,https://gitstar-ranking.com/gpakosz
675,WebReflection,26640,https://gitstar-ranking.com/WebReflection
676,walkor,26633,https://gitstar-ranking.com/walkor
677,muaz-khan,26601,https://gitstar-ranking.com/muaz-khan
678,ellisonleao,26529,https://gitstar-ranking.com/ellisonleao
679,ujjwalkarn,26508,https://gitstar-ranking.com/ujjwalkarn
680,graykode,26439,https://gitstar-ranking.com/graykode
681,sigoden,26438,https://gitstar-ranking.com/sigoden
682,eligrey,26392,https://gitstar-ranking.com/eligrey
683,tsenart,26351,https://gitstar-ranking.com/tsenart
684,janishar,26334,https://gitstar-ranking.com/janishar
685,ggerganov,26326,https://gitstar-ranking.com/ggerganov
686,CoderMJLee,26288,https://gitstar-ranking.com/CoderMJLee
687,soffes,26281,https://gitstar-ranking.com/soffes
688,htr-tech,26260,https://gitstar-ranking.com/htr-tech
689,wkentaro,26221,https://gitstar-ranking.com/wkentaro
690,skeeto,26202,https://gitstar-ranking.com/skeeto
691,zhaoxuya520,26190,https://gitstar-ranking.com/zhaoxuya520
692,henrygd,26188,https://gitstar-ranking.com/henrygd
693,stefanprodan,26155,https://gitstar-ranking.com/stefanprodan
694,patriciogonzalezvivo,26152,https://gitstar-ranking.com/patriciogonzalezvivo
695,panjf2000,26105,https://gitstar-ranking.com/panjf2000
696,dunwu,26065,https://gitstar-ranking.com/dunwu
697,hollischuang,26050,https://gitstar-ranking.com/hollischuang
698,alexpate,26033,https://gitstar-ranking.com/alexpate
699,4ian,26032,https://gitstar-ranking.com/4ian
700,liguodongiot,25980,https://gitstar-ranking.com/liguodongiot
701,Orbiter,25961,https://gitstar-ranking.com/Orbiter
702,arendst,25946,https://gitstar-ranking.com/arendst
703,CymChad,25927,https://gitstar-ranking.com/CymChad
704,kholia,25924,https://gitstar-ranking.com/kholia
705,dyc87112,25881,https://gitstar-ranking.com/dyc87112
706,mbeaudru,25868,https://gitstar-ranking.com/mbeaudru
706,JacksonTian,25868,https://gitstar-ranking.com/JacksonTian
708,JakeChampion,25860,https://gitstar-ranking.com/JakeChampion
709,Sanster,25824,https://gitstar-ranking.com/Sanster
710,MengTo,25792,https://gitstar-ranking.com/MengTo
711,danielgatis,25788,https://gitstar-ranking.com/danielgatis
712,nswbmw,25783,https://gitstar-ranking.com/nswbmw
713,shu223,25771,https://gitstar-ranking.com/shu223
714,Seldaek,25736,https://gitstar-ranking.com/Seldaek
715,nisrulz,25692,https://gitstar-ranking.com/nisrulz
716,iBotPeaches,25675,https://gitstar-ranking.com/iBotPeaches
717,yanzhenjie,25646,https://gitstar-ranking.com/yanzhenjie
718,zloirock,25579,https://gitstar-ranking.com/zloirock
719,ixartz,25572,https://gitstar-ranking.com/ixartz
720,Nyr,25567,https://gitstar-ranking.com/Nyr
721,mcxiaoke,25559,https://gitstar-ranking.com/mcxiaoke
722,tayllan,25538,https://gitstar-ranking.com/tayllan
723,jdan,25533,https://gitstar-ranking.com/jdan
724,IonicaBizau,25497,https://gitstar-ranking.com/IonicaBizau
725,valeriansaliou,25357,https://gitstar-ranking.com/valeriansaliou
726,syl20bnr,25347,https://gitstar-ranking.com/syl20bnr
727,srush,25331,https://gitstar-ranking.com/srush
728,paularmstrong,25322,https://gitstar-ranking.com/paularmstrong
729,firmai,25313,https://gitstar-ranking.com/firmai
730,1N3,25191,https://gitstar-ranking.com/1N3
731,cure53,25188,https://gitstar-ranking.com/cure53
732,waylau,25142,https://gitstar-ranking.com/waylau
733,haotian-liu,25102,https://gitstar-ranking.com/haotian-liu
734,TooTallNate,25101,https://gitstar-ranking.com/TooTallNate
735,rahuldkjain,25094,https://gitstar-ranking.com/rahuldkjain
736,AlexeyAB,25085,https://gitstar-ranking.com/AlexeyAB
737,ryanb,25060,https://gitstar-ranking.com/ryanb
738,checkcheckzz,25052,https://gitstar-ranking.com/checkcheckzz
739,gaoxiang12,25021,https://gitstar-ranking.com/gaoxiang12
740,basarat,25017,https://gitstar-ranking.com/basarat
741,quii,24977,https://gitstar-ranking.com/quii
742,HarisIqbal88,24957,https://gitstar-ranking.com/HarisIqbal88
743,xiaolai,24931,https://gitstar-ranking.com/xiaolai
744,steven-tey,24915,https://gitstar-ranking.com/steven-tey
745,gregberge,24877,https://gitstar-ranking.com/gregberge
746,seanmonstar,24796,https://gitstar-ranking.com/seanmonstar
747,zserge,24784,https://gitstar-ranking.com/zserge
748,lin-xin,24748,https://gitstar-ranking.com/lin-xin
749,jessfraz,24701,https://gitstar-ranking.com/jessfraz
750,amueller,24678,https://gitstar-ranking.com/amueller
751,gentilkiwi,24665,https://gitstar-ranking.com/gentilkiwi
752,guofei9987,24659,https://gitstar-ranking.com/guofei9987
753,orhanobut,24658,https://gitstar-ranking.com/orhanobut
754,jhao104,24630,https://gitstar-ranking.com/jhao104
755,svenstaro,24599,https://gitstar-ranking.com/svenstaro
756,MustangYM,24579,https://gitstar-ranking.com/MustangYM
757,nesquena,24557,https://gitstar-ranking.com/nesquena
758,liuhuanyong,24523,https://gitstar-ranking.com/liuhuanyong
759,leiurayer,24514,https://gitstar-ranking.com/leiurayer
760,copy,24501,https://gitstar-ranking.com/copy
761,mattt,24478,https://gitstar-ranking.com/mattt
762,n0shake,24470,https://gitstar-ranking.com/n0shake
763,kunchenguid,24425,https://gitstar-ranking.com/kunchenguid
764,benweet,24420,https://gitstar-ranking.com/benweet
765,Ignitetechnologies,24418,https://gitstar-ranking.com/Ignitetechnologies
766,wangzheng0822,24401,https://gitstar-ranking.com/wangzheng0822
767,stefan-jansen,24400,https://gitstar-ranking.com/stefan-jansen
768,kahun,24383,https://gitstar-ranking.com/kahun
769,twpayne,24344,https://gitstar-ranking.com/twpayne
770,btholt,24320,https://gitstar-ranking.com/btholt
771,yzhao062,24312,https://gitstar-ranking.com/yzhao062
772,erikras,24311,https://gitstar-ranking.com/erikras
773,djsime1,24258,https://gitstar-ranking.com/djsime1
774,davidfowl,24223,https://gitstar-ranking.com/davidfowl
775,k4yt3x,24206,https://gitstar-ranking.com/k4yt3x
776,binux,24179,https://gitstar-ranking.com/binux
777,Delgan,24169,https://gitstar-ranking.com/Delgan
778,android10,24132,https://gitstar-ranking.com/android10
779,Akryum,24131,https://gitstar-ranking.com/Akryum
780,t4t5,24064,https://gitstar-ranking.com/t4t5
781,soulmachine,24046,https://gitstar-ranking.com/soulmachine
782,kishikawakatsumi,24037,https://gitstar-ranking.com/kishikawakatsumi
783,spmallick,24017,https://gitstar-ranking.com/spmallick
784,geohot,24016,https://gitstar-ranking.com/geohot
785,xoreaxeaxeax,23974,https://gitstar-ranking.com/xoreaxeaxeax
786,scottjehl,23933,https://gitstar-ranking.com/scottjehl
787,m1k1o,23905,https://gitstar-ranking.com/m1k1o
788,h2non,23874,https://gitstar-ranking.com/h2non
789,Canop,23868,https://gitstar-ranking.com/Canop
790,altercation,23865,https://gitstar-ranking.com/altercation
791,JohnCoates,23829,https://gitstar-ranking.com/JohnCoates
792,horsicq,23777,https://gitstar-ranking.com/horsicq
793,piskvorky,23766,https://gitstar-ranking.com/piskvorky
794,jakearchibald,23764,https://gitstar-ranking.com/jakearchibald
795,zhanghai,23761,https://gitstar-ranking.com/zhanghai
796,rlabbe,23740,https://gitstar-ranking.com/rlabbe
797,verekia,23721,https://gitstar-ranking.com/verekia
798,itwanger,23710,https://gitstar-ranking.com/itwanger
799,munificent,23686,https://gitstar-ranking.com/munificent
800,bol-van,23614,https://gitstar-ranking.com/bol-van
801,auchenberg,23586,https://gitstar-ranking.com/auchenberg
802,wojtekmaj,23579,https://gitstar-ranking.com/wojtekmaj
803,unicodeveloper,23554,https://gitstar-ranking.com/unicodeveloper
804,anderspitman,23545,https://gitstar-ranking.com/anderspitman
805,wsargent,23525,https://gitstar-ranking.com/wsargent
805,yangzongzhuan,23525,https://gitstar-ranking.com/yangzongzhuan
807,AlDanial,23523,https://gitstar-ranking.com/AlDanial
808,ibelick,23522,https://gitstar-ranking.com/ibelick
809,sebastianruder,23507,https://gitstar-ranking.com/sebastianruder
810,mementum,23475,https://gitstar-ranking.com/mementum
810,carloscuesta,23475,https://gitstar-ranking.com/carloscuesta
812,virgiliojr94,23449,https://gitstar-ranking.com/virgiliojr94
812,unixorn,23449,https://gitstar-ranking.com/unixorn
814,geektutu,23446,https://gitstar-ranking.com/geektutu
815,brettwooldridge,23413,https://gitstar-ranking.com/brettwooldridge
816,jbee37142,23398,https://gitstar-ranking.com/jbee37142
817,alexellis,23304,https://gitstar-ranking.com/alexellis
818,lettier,23057,https://gitstar-ranking.com/lettier
819,forezp,23035,https://gitstar-ranking.com/forezp
820,SBoudrias,23025,https://gitstar-ranking.com/SBoudrias
820,wistbean,23025,https://gitstar-ranking.com/wistbean
822,chriskiehl,23003,https://gitstar-ranking.com/chriskiehl
823,jlmakes,23002,https://gitstar-ranking.com/jlmakes
824,tipsy,22986,https://gitstar-ranking.com/tipsy
825,dibingfa,22961,https://gitstar-ranking.com/dibingfa
826,norbusan,22942,https://gitstar-ranking.com/norbusan
827,bloc97,22935,https://gitstar-ranking.com/bloc97
828,txthinking,22933,https://gitstar-ranking.com/txthinking
829,joke2k,22877,https://gitstar-ranking.com/joke2k
830,nirzaf,22869,https://gitstar-ranking.com/nirzaf
831,motdotla,22853,https://gitstar-ranking.com/motdotla
832,bcicen,22832,https://gitstar-ranking.com/bcicen
833,malcommac,22829,https://gitstar-ranking.com/malcommac
834,shenweichen,22818,https://gitstar-ranking.com/shenweichen
835,mxrch,22780,https://gitstar-ranking.com/mxrch
836,matiassingers,22774,https://gitstar-ranking.com/matiassingers
837,zzzgydi,22756,https://gitstar-ranking.com/zzzgydi
838,FelisCatus,22754,https://gitstar-ranking.com/FelisCatus
839,guolindev,22715,https://gitstar-ranking.com/guolindev
840,dabit3,22608,https://gitstar-ranking.com/dabit3
841,AnthonyCalandra,22597,https://gitstar-ranking.com/AnthonyCalandra
842,nikitabobko,22570,https://gitstar-ranking.com/nikitabobko
843,dipakkr,22568,https://gitstar-ranking.com/dipakkr
844,nunomaduro,22542,https://gitstar-ranking.com/nunomaduro
845,ben-manes,22490,https://gitstar-ranking.com/ben-manes
846,mishoo,22459,https://gitstar-ranking.com/mishoo
847,dzhng,22448,https://gitstar-ranking.com/dzhng
848,piotrwitek,22423,https://gitstar-ranking.com/piotrwitek
849,vitalets,22405,https://gitstar-ranking.com/vitalets
850,Miserlou,22354,https://gitstar-ranking.com/Miserlou
851,hzlzh,22331,https://gitstar-ranking.com/hzlzh
852,Caldis,22317,https://gitstar-ranking.com/Caldis
853,michaelliao,22316,https://gitstar-ranking.com/michaelliao
854,JingMatrix,22306,https://gitstar-ranking.com/JingMatrix
855,alexjc,22280,https://gitstar-ranking.com/alexjc
856,izackwu,22272,https://gitstar-ranking.com/izackwu
857,chaozh,22248,https://gitstar-ranking.com/chaozh
858,dastergon,22210,https://gitstar-ranking.com/dastergon
859,crazy-max,22192,https://gitstar-ranking.com/crazy-max
860,hua1995116,22191,https://gitstar-ranking.com/hua1995116
861,yangyangwithgnu,22153,https://gitstar-ranking.com/yangyangwithgnu
862,julycoding,22110,https://gitstar-ranking.com/julycoding
863,SawyerHood,22097,https://gitstar-ranking.com/SawyerHood
864,antimatter15,22095,https://gitstar-ranking.com/antimatter15
865,stevearc,22065,https://gitstar-ranking.com/stevearc
866,dariubs,22064,https://gitstar-ranking.com/dariubs
867,liabru,22022,https://gitstar-ranking.com/liabru
868,kaixindelele,22003,https://gitstar-ranking.com/kaixindelele
869,chidiwilliams,21999,https://gitstar-ranking.com/chidiwilliams
869,octocat,21999,https://gitstar-ranking.com/octocat
871,mob-sakai,21997,https://gitstar-ranking.com/mob-sakai
872,williamfiset,21960,https://gitstar-ranking.com/williamfiset
873,rockerBOO,21954,https://gitstar-ranking.com/rockerBOO
874,vasturiano,21951,https://gitstar-ranking.com/vasturiano
875,Kyubyong,21942,https://gitstar-ranking.com/Kyubyong
876,kennethreitz,21908,https://gitstar-ranking.com/kennethreitz
877,Zulko,21899,https://gitstar-ranking.com/Zulko
878,zijie0,21863,https://gitstar-ranking.com/zijie0
879,chenshuo,21829,https://gitstar-ranking.com/chenshuo
880,Koenkk,21811,https://gitstar-ranking.com/Koenkk
881,webpro,21810,https://gitstar-ranking.com/webpro
882,xiaoyaocz,21782,https://gitstar-ranking.com/xiaoyaocz
883,krisk,21767,https://gitstar-ranking.com/krisk
884,zergtant,21758,https://gitstar-ranking.com/zergtant
885,hfiref0x,21755,https://gitstar-ranking.com/hfiref0x
886,allinurl,21733,https://gitstar-ranking.com/allinurl
887,xifangczy,21728,https://gitstar-ranking.com/xifangczy
888,p0deje,21721,https://gitstar-ranking.com/p0deje
889,kenjihiranabe,21718,https://gitstar-ranking.com/kenjihiranabe
890,petkaantonov,21688,https://gitstar-ranking.com/petkaantonov
891,vim-scripts,21666,https://gitstar-ranking.com/vim-scripts
892,bizz84,21661,https://gitstar-ranking.com/bizz84
893,arialdomartini,21654,https://gitstar-ranking.com/arialdomartini
894,w-okada,21642,https://gitstar-ranking.com/w-okada
895,rocksdanister,21621,https://gitstar-ranking.com/rocksdanister
896,jmoiron,21606,https://gitstar-ranking.com/jmoiron
897,bnb,21581,https://gitstar-ranking.com/bnb
898,quozd,21577,https://gitstar-ranking.com/quozd
898,benfred,21577,https://gitstar-ranking.com/benfred
900,wong2,21570,https://gitstar-ranking.com/wong2
901,mayswind,21567,https://gitstar-ranking.com/mayswind
902,felixge,21544,https://gitstar-ranking.com/felixge
903,perkfly,21511,https://gitstar-ranking.com/perkfly
904,mxcl,21509,https://gitstar-ranking.com/mxcl
905,mdo,21497,https://gitstar-ranking.com/mdo
906,Olshansk,21422,https://gitstar-ranking.com/Olshansk
907,ShusenTang,21420,https://gitstar-ranking.com/ShusenTang
908,pavlobu,21389,https://gitstar-ranking.com/pavlobu
909,bojone,21375,https://gitstar-ranking.com/bojone
910,progrium,21362,https://gitstar-ranking.com/progrium
911,code4craft,21347,https://gitstar-ranking.com/code4craft
911,inancgumus,21347,https://gitstar-ranking.com/inancgumus
913,modood,21290,https://gitstar-ranking.com/modood
914,smicallef,21257,https://gitstar-ranking.com/smicallef
914,bendc,21257,https://gitstar-ranking.com/bendc
916,kean,21254,https://gitstar-ranking.com/kean
917,Nagi-ovo,21251,https://gitstar-ranking.com/Nagi-ovo
918,henrypp,21239,https://gitstar-ranking.com/henrypp
919,cipher387,21208,https://gitstar-ranking.com/cipher387
920,snail007,21201,https://gitstar-ranking.com/snail007
921,fathyb,21162,https://gitstar-ranking.com/fathyb
922,yangchong211,21159,https://gitstar-ranking.com/yangchong211
923,Rem0o,21151,https://gitstar-ranking.com/Rem0o
924,Evil0ctal,21100,https://gitstar-ranking.com/Evil0ctal
925,dgryski,21065,https://gitstar-ranking.com/dgryski
926,zyronon,21053,https://gitstar-ranking.com/zyronon
927,mcollina,21052,https://gitstar-ranking.com/mcollina
928,pedrovgs,21035,https://gitstar-ranking.com/pedrovgs
929,jindongwang,21019,https://gitstar-ranking.com/jindongwang
930,learning-zone,21009,https://gitstar-ranking.com/learning-zone
931,thlorenz,21006,https://gitstar-ranking.com/thlorenz
932,taniarascia,20996,https://gitstar-ranking.com/taniarascia
933,lionsoul2014,20993,https://gitstar-ranking.com/lionsoul2014
934,stas00,20963,https://gitstar-ranking.com/stas00
935,asweigart,20950,https://gitstar-ranking.com/asweigart
936,birobirobiro,20936,https://gitstar-ranking.com/birobirobiro
937,cnlohr,20931,https://gitstar-ranking.com/cnlohr
938,airyland,20896,https://gitstar-ranking.com/airyland
939,JeffLi1993,20829,https://gitstar-ranking.com/JeffLi1993
940,Exrick,20794,https://gitstar-ranking.com/Exrick
941,nondanee,20767,https://gitstar-ranking.com/nondanee
942,EZLippi,20763,https://gitstar-ranking.com/EZLippi
943,mjhea0,20752,https://gitstar-ranking.com/mjhea0
944,joho,20721,https://gitstar-ranking.com/joho
945,brannondorsey,20717,https://gitstar-ranking.com/brannondorsey
946,kgretzky,20681,https://gitstar-ranking.com/kgretzky
947,floooh,20657,https://gitstar-ranking.com/floooh
948,Juanpe,20649,https://gitstar-ranking.com/Juanpe
949,nolanlawson,20638,https://gitstar-ranking.com/nolanlawson
950,bkaradzic,20620,https://gitstar-ranking.com/bkaradzic
951,lirantal,20618,https://gitstar-ranking.com/lirantal
952,asLody,20588,https://gitstar-ranking.com/asLody
953,rauchg,20570,https://gitstar-ranking.com/rauchg
953,rigtorp,20570,https://gitstar-ranking.com/rigtorp
955,DenverCoder1,20548,https://gitstar-ranking.com/DenverCoder1
956,hahwul,20536,https://gitstar-ranking.com/hahwul
957,nosir,20528,https://gitstar-ranking.com/nosir
958,objective-see,20493,https://gitstar-ranking.com/objective-see
959,yanue,20462,https://gitstar-ranking.com/yanue
960,davatron5000,20461,https://gitstar-ranking.com/davatron5000
961,FaridSafi,20456,https://gitstar-ranking.com/FaridSafi
962,iCHAIT,20454,https://gitstar-ranking.com/iCHAIT
963,hadley,20449,https://gitstar-ranking.com/hadley
964,safak,20440,https://gitstar-ranking.com/safak
965,hasaneyldrm,20409,https://gitstar-ranking.com/hasaneyldrm
966,Yixiaohan,20402,https://gitstar-ranking.com/Yixiaohan
967,yudai,20393,https://gitstar-ranking.com/yudai
968,KoljaB,20386,https://gitstar-ranking.com/KoljaB
969,kriskowal,20371,https://gitstar-ranking.com/kriskowal
970,mksglu,20364,https://gitstar-ranking.com/mksglu
971,linlinjava,20361,https://gitstar-ranking.com/linlinjava
972,lokesh,20351,https://gitstar-ranking.com/lokesh
973,lowlighter,20292,https://gitstar-ranking.com/lowlighter
974,tobiasahlin,20285,https://gitstar-ranking.com/tobiasahlin
975,winterbe,20284,https://gitstar-ranking.com/winterbe
976,felipefialho,20241,https://gitstar-ranking.com/felipefialho
977,dhg,20234,https://gitstar-ranking.com/dhg
978,krishnadey30,20219,https://gitstar-ranking.com/krishnadey30
979,devxoul,20170,https://gitstar-ranking.com/devxoul
980,rushter,20168,https://gitstar-ranking.com/rushter
981,andlabs,20162,https://gitstar-ranking.com/andlabs
982,andreamazz,20151,https://gitstar-ranking.com/andreamazz
983,mzlogin,20149,https://gitstar-ranking.com/mzlogin
984,Rigellute,20146,https://gitstar-ranking.com/Rigellute
985,jeasonlzy,20144,https://gitstar-ranking.com/jeasonlzy
986,HelloZeroNet,20124,https://gitstar-ranking.com/HelloZeroNet
987,zxwk1998,20114,https://gitstar-ranking.com/zxwk1998
988,wagerfield,20105,https://gitstar-ranking.com/wagerfield
989,asciimoo,20101,https://gitstar-ranking.com/asciimoo
990,MoienTajik,20087,https://gitstar-ranking.com/MoienTajik
991,learnbyexample,20078,https://gitstar-ranking.com/learnbyexample
992,yaronn,20076,https://gitstar-ranking.com/yaronn
993,lihaoyun6,20051,https://gitstar-ranking.com/lihaoyun6
994,qinguoyi,20045,https://gitstar-ranking.com/qinguoyi
995,dhamaniasad,20019,https://gitstar-ranking.com/dhamaniasad
996,jpetazzo,20017,https://gitstar-ranking.com/jpetazzo
997,shidenggui,20016,https://gitstar-ranking.com/shidenggui
998,happydog-intj,20015,https://gitstar-ranking.com/happydog-intj
999,huangzworks,20014,https://gitstar-ranking.com/huangzworks
999,cirosantilli,20014,https://gitstar-ranking.com/cirosantilli
