Username,Public Repositories,Public Sources,Public Forks,Private Repositories,Total Repositories
sindresorhus,1164,1153,11,0,1164
karpathy,65,56,9,0,65
nilbuild,130,82,48,0,130
donnemartin,28,25,3,0,28
jwasham,30,23,7,0,30
vinta,30,25,5,0,30
trimstray,18,17,1,0,18
obra,249,113,136,0,249
996icu,1,1,0,0,1
trekhleb,28,28,0,0,28
torvalds,35,28,7,0,35
mattpocock,251,196,55,0,251
affaan-m,31,28,3,0,31
521xueweihan,171,37,134,0,171
getify,81,78,3,0,81
ruanyf,79,65,14,0,79
jaywcjlove,265,253,12,0,265
justjavac,475,295,180,0,475
jackfrued,150,17,133,0,150
CyC2018,7,7,0,0,7
yangshun,169,138,31,0,169
rasbt,163,106,57,0,163
f,324,182,142,0,324
bradtraversy,331,319,12,0,331
avelino,266,126,140,0,266
lucidrains,410,349,61,0,410
Chalarangelo,95,63,32,0,95
jlevy,111,76,35,0,111
ruvnet,213,187,26,0,213
lllyasviel,42,39,3,0,42
AUTOMATIC1111,45,37,8,0,45
Snailclimb,19,19,0,0,19
sharkdp,131,77,54,0,131
garrytan,26,10,16,0,26
typicode,78,36,42,0,78
tw93,45,24,21,0,45
Asabeneh,200,182,18,0,200
addyosmani,412,232,180,0,412
sebastianbergmann,81,75,6,0,81
junegunn,156,89,67,0,156
kelseyhightower,230,212,18,0,230
jesseduffield,66,33,33,0,66
danielmiessler,80,65,15,0,80
tj,328,251,77,0,328
JakeWharton,221,208,13,0,221
krahets,15,10,5,0,15
labuladong,28,13,15,0,28
goldbergyoni,42,26,16,0,42
Shubhamsaboo,205,35,170,0,205
ripienaar,170,135,35,0,170
macrozheng,21,16,5,0,21
mrdoob,79,68,11,0,79
adrianhajdin,195,190,5,0,195
mouredev,58,53,5,0,58
PanJiaChen,75,42,33,0,75
louislam,59,41,18,0,59
BurntSushi,196,121,75,0,196
wasabeef,70,56,14,0,70
fatedier,73,26,47,0,73
tpope,91,86,5,0,91
spf13,122,49,73,0,122
lissy93,142,115,27,0,142
keijiro,948,927,21,0,948
3b1b,12,9,3,0,12
Anduin2017,208,154,54,0,208
thedaviddias,105,52,53,0,105
tonsky,144,108,36,0,144
florinpop17,103,91,12,0,103
ashishps1,42,27,15,0,42
enaqx,55,38,17,0,55
bregman-arie,45,37,8,0,45
nvbn,104,69,35,0,104
jamiebuilds,719,369,350,0,719
ryanmcdermott,53,53,0,0,53
hakimel,33,24,9,0,33
FiloSottile,155,88,67,0,155
iluwatar,18,11,7,0,18
dylanaraps,79,78,1,0,79
ashishpatel26,2142,257,1885,0,2142
fengdu78,17,8,9,0,17
Developer-Y,10,7,3,0,10
phodal,531,508,23,0,531
thedotmack,124,63,61,0,124
swisskyrepo,16,15,1,0,16
easychen,270,156,114,0,270
alchaincyf,81,57,24,0,81
MunGell,154,57,97,0,154
necolas,83,36,47,0,83
PKUFlyingPig,86,56,30,0,86
bailicangdu,22,20,2,0,22
ankane,455,283,172,0,455
peng-zhihui,63,37,26,0,63
folke,134,42,92,0,134
fighting41love,319,19,300,0,319
antirez,111,104,7,0,111
NirDiamant,85,26,59,0,85
hiyouga,80,57,23,0,80
D4Vinci,47,37,10,0,47
XIU2,14,13,1,0,14
sudheerj,76,76,0,0,76
cmliu,74,46,28,0,74
anuraghazra,140,85,55,0,140
chubin,27,14,13,0,27
wesbos,442,215,227,0,442
DIYgod,106,74,32,0,106
prakhar1989,196,146,50,0,196
MisterBooo,92,49,43,0,92
jaredpalmer,218,103,115,0,218
TapXWorld,15,12,3,0,15
ChrisTitusTech,91,80,11,0,91
minimaxir,159,146,13,0,159
unclecode,136,111,25,0,136
Z4nzu,22,7,15,0,22
chenglou,222,115,107,0,222
Eugeny,129,56,73,0,129
youngyangyang04,75,65,10,0,75
jashkenas,27,20,7,0,27
egoist,881,808,73,0,881
ocornut,29,14,15,0,29
schollz,1170,483,687,0,1170
gorhill,28,26,2,0,28
abi,114,72,42,0,114
developit,411,208,203,0,411
sdmg15,212,35,177,0,212
1c7,352,114,238,0,352
fffaraz,54,50,4,0,54
steipete,217,121,96,0,217
josephmisiti,300,64,236,0,300
kepano,50,36,14,0,50
bvaughn,182,99,83,0,182
ageron,100,27,73,0,100
geerlingguy,336,295,41,0,336
s0md3v,56,56,0,0,56
juliangarnier,21,6,15,0,21
binhnguyennus,99,10,89,0,99
code-yeongyu,214,174,40,0,214
chrislgarry,34,23,11,0,34
ryanoasis,151,21,130,0,151
topjohnwu,56,41,15,0,56
lyswhut,48,24,24,0,48
liyupi,110,93,17,0,110
antfu,562,411,151,0,562
lencx,146,117,29,0,146
amitshekhariitbhu,132,116,16,0,132
llSourcell,494,384,110,0,494
rstacruz,626,341,285,0,626
amusi,255,50,205,0,255
leonardomso,69,27,42,0,69
op7418,30,28,2,0,30
eriklindernoren,28,25,3,0,28
jgthms,105,43,62,0,105
PatrickJS,1019,381,638,0,1019
skywind3000,176,112,64,0,176
skydoves,97,96,1,0,97
PlexPt,308,69,239,0,308
colbymchenry,27,22,5,0,27
shanraisshan,31,31,0,0,31
santifer,25,12,13,0,25
dtolnay,134,119,15,0,134
pbakaus,30,25,5,0,30
dani-garcia,30,11,19,0,30
midudev,277,232,45,0,277
tidwall,229,208,21,0,229
kdn251,26,21,5,0,26
simonw,1023,687,336,0,1023
soimort,51,38,13,0,51
nicklockwood,100,77,23,0,100
evanw,129,101,28,0,129
YunaiV,87,23,64,0,87
jondot,428,222,206,0,428
ageitgey,58,21,37,0,58
asgeirtj,32,1,31,0,32
hehonghui,295,82,213,0,295
laurent22,201,63,138,0,201
kovidgoyal,46,24,22,0,46
romkatv,43,31,12,0,43
charlax,104,21,83,0,104
Solido,28,13,15,0,28
WerWolv,146,95,51,0,146
xingshaocheng,20,8,12,0,20
byoungd,19,16,3,0,19
adam-p,85,38,47,0,85
jakevdp,291,158,133,0,291
CorentinJ,6,5,1,0,6
azl397985856,150,89,61,0,150
vadimdemedes,193,140,53,0,193
lukeed,374,243,131,0,374
unknwon,56,47,9,0,56
mattn,2297,1230,1067,0,2297
scutan90,40,5,35,0,40
tiimgreen,51,41,10,0,51
Loyalsoldier,12,12,0,0,12
chiphuyen,38,21,17,0,38
fogleman,147,142,5,0,147
sdras,118,74,44,0,118
mathiasbynens,693,261,432,0,693
astaxie,87,39,48,0,87
mudler,383,212,171,0,383
wagoodman,119,56,63,0,119
streamich,493,179,314,0,493
gedoor,21,10,11,0,21
karan,109,106,3,0,109
krishnaik06,353,347,6,0,353
Raphire,10,8,2,0,10
AntonOsika,157,109,48,0,157
jgm,111,80,31,0,111
poteto,111,85,26,0,111
ngosang,59,14,45,0,59
DavidHDev,20,13,7,0,20
vsouza,50,33,17,0,50
dkhamsing,55,55,0,0,55
zhaoolee,120,96,24,0,120
oblador,140,45,95,0,140
zenorocha,191,102,89,0,191
kentcdodds,837,484,353,0,837
NARKOZ,99,37,62,0,99
CarGuo,74,46,28,0,74
brillout,440,362,78,0,440
GokuMohandas,24,24,0,0,24
coreybutler,118,70,48,0,118
agalwood,53,19,34,0,53
Blankj,44,42,2,0,44
ai,154,128,26,0,154
mifi,192,68,124,0,192
mgechev,423,288,135,0,423
bee-san,251,168,83,0,251
JedWatson,127,82,45,0,127
alyssaxuu,17,16,1,0,17
rougier,330,199,131,0,330
bannedbook,212,10,202,0,212
bevacqua,296,188,108,0,296
keon,181,79,102,0,181
mingrammer,190,67,123,0,190
nlohmann,46,40,6,0,46
ziishaned,46,42,4,0,46
zhayujie,31,27,4,0,31
hiteshchoudhary,131,127,4,0,131
blueimp,36,32,4,0,36
andrewyng,6,6,0,0,6
Jack-Cherish,18,18,0,0,18
mafintosh,1147,879,268,0,1147
iperov,8,8,0,0,8
aymericdamien,12,4,8,0,12
aimeos,114,91,23,0,114
serhii-londar,144,34,110,0,144
halfrost,84,33,51,0,84
iamkun,16,15,1,0,16
skylot,5,3,2,0,5
xinntao,85,46,39,0,85
Wei-Shaw,56,8,48,0,56
onevcat,265,122,143,0,265
evilsocket,204,143,61,0,204
eugeneyan,81,55,26,0,81
denysdovhan,101,87,14,0,101
sahat,184,66,118,0,184
vinceliuice,85,79,6,0,85
alex,523,96,427,0,523
transitive-bullshit,363,191,172,0,363
akullpp,61,54,7,0,61
DovAmir,26,8,18,0,26
junyanz,67,63,4,0,67
sorrycc,292,166,126,0,292
lukasz-madon,60,25,35,0,60
LeCoupa,23,10,13,0,23
florent37,136,109,27,0,136
AllThingsSmitty,47,29,18,0,47
sunface,21,19,2,0,21
ityouknow,30,28,2,0,30
gaearon,350,104,246,0,350
dypsilon,5,3,2,0,5
nolimits4web,59,55,4,0,59
vnpy,95,81,14,0,95
daimajia,99,33,66,0,99
9001,40,29,11,0,40
formulahendry,126,86,40,0,126
colinhacks,206,72,134,0,206
mitchellh,136,121,15,0,136
pbatard,64,45,19,0,64
ahmetb,241,116,125,0,241
felixrieseberg,295,173,122,0,295
floodsung,127,49,78,0,127
GitSquared,28,27,1,0,28
twostraws,89,80,9,0,89
saadeghi,91,56,35,0,91
p-e-w,37,31,6,0,37
alvarotrigo,87,34,53,0,87
ymcui,41,38,3,0,41
Unitech,200,98,102,0,200
raysan5,35,33,2,0,35
hongyangAndroid,103,44,59,0,103
max-mapper,916,563,353,0,916
samber,259,168,91,0,259
anvaka,329,297,32,0,329
fengyuanchen,28,24,4,0,28
acheong08,135,101,34,0,135
knadh,83,81,2,0,83
ianstormtaylor,212,102,110,0,212
Light-City,159,72,87,0,159
rsms,187,164,23,0,187
jianchang512,40,29,11,0,40
remy,388,262,126,0,388
hankcs,107,47,60,0,107
mrdbourke,75,48,27,0,75
huihut,49,36,13,0,49
lenve,90,80,10,0,90
ThePrimeagen,241,196,45,0,241
Tyrrrz,42,42,0,0,42
jarun,27,25,2,0,27
faif,24,20,4,0,24
mli,40,36,4,0,40
juanfont,46,19,27,0,46
crossoverJie,160,53,107,0,160
iampawan,270,173,97,0,270
k88hudson,428,209,219,0,428
CorentinTh,71,60,11,0,71
miguelgrinberg,209,128,81,0,209
luongnv89,157,100,57,0,157
sxyazi,24,20,4,0,24
jaredhanson,440,346,94,0,440
programthink,5,5,0,0,5
jdx,663,399,264,0,663
amruthpillai,194,160,34,0,194
rwaldron,834,186,648,0,834
Anil-matcha,180,125,55,0,180
ibireme,23,21,2,0,23
wg,59,29,30,0,59
derailed,66,51,15,0,66
exelban,25,25,0,0,25
MorvanZhou,58,51,7,0,58
liquidslr,522,505,17,0,522
carpedm20,216,139,77,0,216
nilaoda,88,58,30,0,88
dennybritz,69,56,13,0,69
vasanthk,114,68,46,0,114
GyulyVGC,72,35,37,0,72
jivoi,48,37,11,0,48
koalaman,16,11,5,0,16
Trinea,24,14,10,0,24
huiyadanli,40,26,14,0,40
0xAX,36,13,23,0,36
wsdjeg,807,158,649,0,807
blader,23,21,2,0,23
yunjey,16,15,1,0,16
gto76,45,45,0,0,45
hwdsl2,23,23,0,0,23
geekan,78,45,33,0,78
fatih,65,44,21,0,65
ajeetdsouza,44,26,18,0,44
ardalis,336,200,136,0,336
rakyll,254,123,131,0,254
bojieli,194,146,48,0,194
binarywang,39,37,2,0,39
timqian,209,140,69,0,209
kilimchoi,114,41,73,0,114
isaacs,525,287,238,0,525
mattdesl,657,464,193,0,657
Dogfalo,32,16,16,0,32
PhilJay,34,14,20,0,34
jpillora,294,202,92,0,294
XingangPan,16,11,5,0,16
rui314,50,31,19,0,50
greenrobot,30,18,12,0,30
chokcoco,68,53,15,0,68
jedisct1,569,394,175,0,569
alebcay,211,68,143,0,211
leandromoreira,158,76,82,0,158
mislav,237,99,138,0,237
tiann,149,44,105,0,149
Lakr233,191,151,40,0,191
kuchin,19,12,7,0,19
tomnomnom,106,82,24,0,106
satwikkansal,79,63,16,0,79
drduh,15,11,4,0,15
tobi,115,66,49,0,115
camenduru,1694,1078,616,0,1694
asmvik,19,12,7,0,19
lizongying,118,104,14,0,118
gajus,358,247,111,0,358
Binaryify,65,32,33,0,65
GorvGoyl,80,38,42,0,80
johnpapa,192,138,54,0,192
lfnovo,38,29,9,0,38
thangchung,312,78,234,0,312
alan2207,72,44,28,0,72
caolan,159,96,63,0,159
antonmedv,70,66,4,0,70
muesli,356,110,246,0,356
eugenp,13,13,0,0,13
casey,318,154,164,0,318
defunkt,124,92,32,0,124
ranaroussi,109,43,66,0,109
musistudio,195,45,150,0,195
be5invis,72,52,20,0,72
yeasy,92,91,1,0,92
xuxueli,12,12,0,0,12
dimsemenov,18,6,12,0,18
blakeblackshear,72,32,40,0,72
yuliskov,38,22,16,0,38
babysor,53,11,42,0,53
chrisbanes,65,26,39,0,65
veggiemonk,185,58,127,0,185
herrbischoff,39,24,15,0,39
ascoders,96,67,29,0,96
fchollet,22,13,9,0,22
qianguyihao,44,39,5,0,44
esengine,114,72,42,0,114
shuding,186,121,65,0,186
zhongyi-tong,59,38,21,0,59
valinet,61,49,12,0,61
fxsjy,71,30,41,0,71
emilk,91,50,41,0,91
jart,244,61,183,0,244
the1812,25,20,5,0,25
jxnblk,291,280,11,0,291
QianMo,37,28,9,0,37
JohnSundell,68,54,14,0,68
binwiederhier,101,41,60,0,101
geekcomputers,13,13,0,0,13
ssloy,85,71,14,0,85
ryanhanwu,83,44,39,0,83
surmon-china,59,50,9,0,59
jcjohnson,43,30,13,0,43
Dimillian,177,100,77,0,177
clauderic,89,19,70,0,89
kdeldycke,64,44,20,0,64
orhun,558,103,455,0,558
mxgmn,8,8,0,0,8
rxi,45,43,2,0,45
afshinea,9,9,0,0,9
SebLague,95,93,2,0,95
nicolargo,99,79,20,0,99
nothings,11,8,3,0,11
in28minutes,107,101,6,0,107
acdlite,87,45,42,0,87
dwmkerr,138,121,17,0,138
lovell,80,35,45,0,80
niklasvh,49,28,21,0,49
qishibo,57,28,29,0,57
valyala,72,35,37,0,72
brendangregg,47,33,14,0,47
desandro,70,57,13,0,70
can1357,73,63,10,0,73
insidegui,258,142,116,0,258
nagadomi,66,29,37,0,66
Kludex,191,129,62,0,191
testerSunshine,45,19,26,0,45
xkcoding,131,80,51,0,131
IanLunn,23,19,4,0,23
josdejong,80,49,31,0,80
pcottle,30,17,13,0,30
abiosoft,129,69,60,0,129
ValdikSS,75,35,40,0,75
JessYanCoding,42,20,22,0,42
phoboslab,51,43,8,0,51
opa334,70,48,22,0,70
feross,219,201,18,0,219
sundowndev,68,46,22,0,68
chenfei-wu,40,7,33,0,40
bayandin,37,19,18,0,37
yihong0618,212,80,132,0,212
lutzroeder,13,13,0,0,13
rs,132,76,56,0,132
dgtlmoon,123,42,81,0,123
fuzhengwei,254,197,57,0,254
CamDavidsonPilon,105,60,45,0,105
sirupsen,137,52,85,0,137
AlexsJones,285,217,68,0,285
mqyqingfeng,37,32,5,0,37
mholt,79,47,32,0,79
dandavison,278,152,126,0,278
jonasschmedtmann,8,7,1,0,8
netease-youdao,12,12,0,0,12
fzaninotto,103,67,36,0,103
nikivdev,560,199,361,0,560
gildas-lormeau,44,42,2,0,44
rothgar,320,97,223,0,320
78,41,32,9,0,41
mikepenz,113,42,71,0,113
AtsushiSakai,209,106,103,0,209
cfenollosa,13,9,4,0,13
ziadoz,41,25,16,0,41
amix,21,12,9,0,21
JimLiu,232,45,187,0,232
ariya,70,59,11,0,70
krzysztofzablocki,57,51,6,0,57
barry-ran,409,46,363,0,409
pomber,186,118,68,0,186
iawia002,36,16,20,0,36
philipwalton,91,61,30,0,91
lyogavin,68,15,53,0,68
linexjlin,123,60,63,0,123
Shougo,228,163,65,0,228
gcanti,86,82,4,0,86
samyk,215,49,166,0,215
ogham,28,22,6,0,28
onmyway133,258,179,79,0,258
haoel,29,13,16,0,29
Anuken,105,72,33,0,105
norvig,6,4,2,0,6
Chanzhaoyu,50,37,13,0,50
Wilfred,507,163,344,0,507
rhysd,603,243,360,0,603
miloyip,32,19,13,0,32
koush,385,210,175,0,385
kenwheeler,121,68,53,0,121
davila7,207,138,69,0,207
nvie,80,61,19,0,80
listen1,9,5,4,0,9
terkelg,58,54,4,0,58
ekzhang,92,70,22,0,92
angristan,290,159,131,0,290
StevenBlack,261,77,184,0,261
Pierian-Data,32,17,15,0,32
zhiwehu,164,60,104,0,164
matryer,119,61,58,0,119
lbjlaq,45,10,35,0,45
barryvdh,351,39,312,0,351
maboloshi,72,27,45,0,72
posquit0,150,89,61,0,150
hasherezade,115,86,29,0,115
aosabook,2,2,0,0,2
afollestad,44,43,1,0,44
judasn,13,4,9,0,13
free-nodes,8,6,2,0,8
mhinz,39,27,12,0,39
joshbuchea,195,40,155,0,195
WongKinYiu,31,24,7,0,31
Swordfish90,38,14,24,0,38
StephenGrider,146,111,35,0,146
inconshreveable,47,25,22,0,47
overtrue,132,124,8,0,132
cloudwu,140,121,19,0,140
ustbhuangyi,79,40,39,0,79
LaravelDaily,502,499,3,0,502
lukasmasuch,127,75,52,0,127
cjpais,123,86,37,0,123
imthenachoman,25,17,8,0,25
robertdavidgraham,66,54,12,0,66
aFarkas,80,40,40,0,80
sampotts,29,12,17,0,29
paulirish,464,153,311,0,464
VincentGarreau,20,9,11,0,20
benawad,268,243,25,0,268
luong-komorebi,256,67,189,0,256
ChenYilong,37,35,2,0,37
michalsnik,113,38,75,0,113
tmrts,46,18,28,0,46
MichaelCade,102,66,36,0,102
rxhanson,8,5,3,0,8
nashsu,91,16,75,0,91
DrKLO,4,3,1,0,4
qiurunze123,13,11,2,0,13
imDazui,73,15,58,0,73
assafelovic,27,19,8,0,27
Molunerfinn,87,40,47,0,87
Rich-Harris,421,242,179,0,421
paulmillr,54,53,1,0,54
wangshub,119,55,64,0,119
gustavoguanabara,8,8,0,0,8
littlecodersh,22,22,0,0,22
marcuswestin,127,72,55,0,127
emmabostian,66,57,9,0,66
wilsonfreitas,128,77,51,0,128
tholman,67,63,4,0,67
alecthomas,204,136,68,0,204
lukehoban,139,64,75,0,139
gabime,7,4,3,0,7
k4m4,79,62,17,0,79
shibing624,91,74,17,0,91
byt3bl33d3r,92,60,32,0,92
ForrestKnight,49,41,8,0,49
benedekrozemberczki,62,60,2,0,62
cubiq,51,34,17,0,51
klaudiosinani,32,32,0,0,32
jbhuang0604,36,26,10,0,36
mrousavy,194,102,92,0,194
Ebazhanov,150,145,5,0,150
Perfare,7,7,0,0,7
sqshq,35,17,18,0,35
jeromeetienne,362,285,77,0,362
viatsko,38,34,4,0,38
viraptor,188,39,149,0,188
ChristosChristofidis,141,15,126,0,141
pedronauck,142,73,69,0,142
JanDeDobbeleer,113,57,56,0,113
ZuzooVn,47,9,38,0,47
wuyouzhuguli,2,2,0,0,2
markerikson,110,54,56,0,110
ahujasid,17,16,1,0,17
wesm,169,53,116,0,169
fanmingming,18,12,6,0,18
madrobby,91,48,43,0,91
BradLarson,49,28,21,0,49
kataras,63,50,13,0,63
ggreer,76,34,42,0,76
mahmoud,94,60,34,0,94
appleboy,643,200,443,0,643
yamadashy,56,31,25,0,56
pubkey,62,36,26,0,62
FredKSchott,150,43,107,0,150
hemanth,470,405,65,0,470
krasimir,229,152,77,0,229
chai2010,351,117,234,0,351
iamshaunjp,153,153,0,0,153
jorgebucaran,30,30,0,0,30
P3TERX,31,26,5,0,31
smallnest,321,177,144,0,321
leereilly,485,134,351,0,485
opendigg,7,7,0,0,7
jquense,242,111,131,0,242
squidfunk,27,26,1,0,27
eyaltoledano,450,33,417,0,450
adi1090x,19,19,0,0,19
fouber,187,89,98,0,187
oldj,33,24,9,0,33
pjreddie,53,46,7,0,53
privatenumber,284,176,108,0,284
joewalnes,116,65,51,0,116
scwang90,45,30,15,0,45
Schniz,266,145,121,0,266
anishathalye,109,90,19,0,109
yetone,642,74,568,0,642
blackmatrix7,15,10,5,0,15
crazycodeboy,72,44,28,0,72
serengil,33,28,5,0,33
coleifer,33,31,2,0,33
NickeManarin,12,10,2,0,12
hustcc,121,118,3,0,121
philc,36,35,1,0,36
KurtBestor,0,0,0,0,0
pppscn,32,2,30,0,32
houshanren,151,5,146,0,151
sczhou,17,14,3,0,17
AlexxIT,72,49,23,0,72
dragen1860,77,58,19,0,77
brightmart,43,28,15,0,43
changkun,169,131,38,0,169
nikic,142,52,90,0,142
walter201230,19,18,1,0,19
thomaspark,25,21,4,0,25
alirezarezvani,33,19,14,0,33
benbjohnson,184,133,51,0,184
matteocrippa,273,115,158,0,273
mitsuhiko,362,222,140,0,362
bingoogolapple,96,91,5,0,96
terryum,18,17,1,0,18
conwnet,96,58,38,0,96
Igglybuff,15,9,6,0,15
mbadolato,3,3,0,0,3
SamyPesse,136,76,60,0,136
jonschlinkert,1164,1094,70,0,1164
robbiehanson,13,9,4,0,13
scottbez1,43,29,14,0,43
agarrharr,152,99,53,0,152
goldfire,38,22,16,0,38
Vonng,115,43,72,0,115
JustVugg,122,30,92,0,122
camsong,111,42,69,0,111
AllenDowney,253,188,65,0,253
jasontaylordev,54,48,6,0,54
swyxio,758,475,283,0,758
petehunt,219,111,108,0,219
chjj,104,74,30,0,104
igrigorik,102,81,21,0,102
c0re100,50,23,27,0,50
davideuler,234,110,124,0,234
gpakosz,39,11,28,0,39
WebReflection,640,547,93,0,640
walkor,64,52,12,0,64
muaz-khan,27,26,1,0,27
ellisonleao,119,65,54,0,119
ujjwalkarn,84,15,69,0,84
graykode,80,51,29,0,80
sigoden,89,81,8,0,89
eligrey,118,48,70,0,118
tsenart,131,30,101,0,131
janishar,83,44,39,0,83
ggerganov,81,55,26,0,81
CoderMJLee,16,16,0,0,16
soffes,181,161,20,0,181
htr-tech,38,37,1,0,38
wkentaro,373,149,224,0,373
skeeto,294,237,57,0,294
zhaoxuya520,23,9,14,0,23
henrygd,59,52,7,0,59
stefanprodan,103,97,6,0,103
patriciogonzalezvivo,166,143,23,0,166
panjf2000,38,19,19,0,38
dunwu,43,36,7,0,43
hollischuang,27,12,15,0,27
alexpate,59,30,29,0,59
4ian,67,20,47,0,67
liguodongiot,94,35,59,0,94
Orbiter,75,27,48,0,75
arendst,35,14,21,0,35
CymChad,5,5,0,0,5
kholia,161,98,63,0,161
dyc87112,75,31,44,0,75
mbeaudru,41,7,34,0,41
JacksonTian,293,168,125,0,293
JakeChampion,39,20,19,0,39
Sanster,120,49,71,0,120
MengTo,28,26,2,0,28
danielgatis,49,43,6,0,49
nswbmw,149,133,16,0,149
shu223,81,48,33,0,81
Seldaek,286,38,248,0,286
nisrulz,96,70,26,0,96
iBotPeaches,113,36,77,0,113
yanzhenjie,35,26,9,0,35
zloirock,13,7,6,0,13
ixartz,78,24,54,0,78
Nyr,6,5,1,0,6
mcxiaoke,92,72,20,0,92
tayllan,24,20,4,0,24
jdan,201,154,47,0,201
IonicaBizau,567,563,4,0,567
valeriansaliou,68,62,6,0,68
syl20bnr,172,50,122,0,172
srush,240,189,51,0,240
paularmstrong,83,43,40,0,83
firmai,130,66,64,0,130
1N3,38,21,17,0,38
cure53,28,19,9,0,28
waylau,136,123,13,0,136
haotian-liu,59,37,22,0,59
TooTallNate,444,206,238,0,444
rahuldkjain,105,53,52,0,105
AlexeyAB,131,26,105,0,131
ryanb,81,56,25,0,81
checkcheckzz,6,5,1,0,6
gaoxiang12,55,25,30,0,55
basarat,452,264,188,0,452
quii,122,108,14,0,122
HarisIqbal88,2,1,1,0,2
xiaolai,252,95,157,0,252
steven-tey,116,48,68,0,116
gregberge,152,103,49,0,152
seanmonstar,152,65,87,0,152
zserge,119,90,29,0,119
lin-xin,19,18,1,0,19
jessfraz,203,113,90,0,203
amueller,220,103,117,0,220
gentilkiwi,28,25,3,0,28
guofei9987,67,55,12,0,67
orhanobut,18,15,3,0,18
jhao104,10,9,1,0,10
svenstaro,207,124,83,0,207
MustangYM,46,19,27,0,46
nesquena,87,63,24,0,87
liuhuanyong,80,80,0,0,80
leiurayer,30,6,24,0,30
copy,99,30,69,0,99
mattt,163,129,34,0,163
n0shake,20,16,4,0,20
kunchenguid,72,43,29,0,72
benweet,53,18,35,0,53
Ignitetechnologies,33,26,7,0,33
wangzheng0822,8,7,1,0,8
stefan-jansen,71,16,55,0,71
kahun,30,8,22,0,30
twpayne,170,108,62,0,170
btholt,188,153,35,0,188
yzhao062,69,63,6,0,69
erikras,123,65,58,0,123
djsime1,45,19,26,0,45
davidfowl,360,236,124,0,360
k4yt3x,132,116,16,0,132
binux,28,21,7,0,28
Delgan,30,14,16,0,30
android10,84,60,24,0,84
Akryum,248,142,106,0,248
t4t5,76,30,46,0,76
soulmachine,227,116,111,0,227
kishikawakatsumi,195,168,27,0,195
spmallick,22,6,16,0,22
geohot,112,64,48,0,112
xoreaxeaxeax,23,16,7,0,23
scottjehl,75,25,50,0,75
m1k1o,52,33,19,0,52
h2non,261,115,146,0,261
Canop,176,106,70,0,176
altercation,18,9,9,0,18
JohnCoates,22,19,3,0,22
horsicq,145,139,6,0,145
piskvorky,64,20,44,0,64
jakearchibald,291,163,128,0,291
zhanghai,128,111,17,0,128
rlabbe,37,27,10,0,37
verekia,75,70,5,0,75
itwanger,106,43,63,0,106
munificent,54,49,5,0,54
bol-van,15,14,1,0,15
auchenberg,225,127,98,0,225
wojtekmaj,119,70,49,0,119
unicodeveloper,275,222,53,0,275
anderspitman,336,252,84,0,336
wsargent,340,99,241,0,340
yangzongzhuan,14,14,0,0,14
AlDanial,12,7,5,0,12
ibelick,23,19,4,0,23
sebastianruder,44,29,15,0,44
mementum,60,36,24,0,60
carloscuesta,25,25,0,0,25
virgiliojr94,55,40,15,0,55
unixorn,514,122,392,0,514
geektutu,15,13,2,0,15
brettwooldridge,100,22,78,0,100
jbee37142,128,86,42,0,128
alexellis,516,380,136,0,516
lettier,63,43,20,0,63
forezp,82,57,25,0,82
SBoudrias,92,44,48,0,92
wistbean,15,10,5,0,15
chriskiehl,66,39,27,0,66
jlmakes,11,11,0,0,11
tipsy,95,77,18,0,95
dibingfa,27,22,5,0,27
norbusan,130,70,60,0,130
bloc97,86,65,21,0,86
txthinking,37,31,6,0,37
joke2k,86,40,46,0,86
nirzaf,1233,971,262,0,1233
motdotla,289,211,78,0,289
bcicen,78,55,23,0,78
malcommac,82,66,16,0,82
shenweichen,26,21,5,0,26
mxrch,104,55,49,0,104
matiassingers,51,42,9,0,51
zzzgydi,74,42,32,0,74
FelisCatus,5,4,1,0,5
guolindev,17,16,1,0,17
dabit3,532,362,170,0,532
AnthonyCalandra,26,20,6,0,26
nikitabobko,64,29,35,0,64
dipakkr,135,104,31,0,135
nunomaduro,338,154,184,0,338
ben-manes,33,11,22,0,33
mishoo,52,27,25,0,52
dzhng,40,29,11,0,40
piotrwitek,60,23,37,0,60
vitalets,200,107,93,0,200
Miserlou,259,168,91,0,259
hzlzh,111,69,42,0,111
Caldis,49,35,14,0,49
michaelliao,121,120,1,0,121
JingMatrix,83,32,51,0,83
alexjc,26,18,8,0,26
izackwu,49,33,16,0,49
chaozh,35,18,17,0,35
dastergon,139,39,100,0,139
crazy-max,306,177,129,0,306
hua1995116,172,120,52,0,172
yangyangwithgnu,17,13,4,0,17
julycoding,7,3,4,0,7
SawyerHood,95,75,20,0,95
antimatter15,373,246,127,0,373
stevearc,78,57,21,0,78
dariubs,103,88,15,0,103
liabru,13,13,0,0,13
kaixindelele,79,42,37,0,79
chidiwilliams,110,76,34,0,110
octocat,203,195,8,0,203
mob-sakai,67,59,8,0,67
williamfiset,13,11,2,0,13
rockerBOO,312,99,213,0,312
vasturiano,96,76,20,0,96
Kyubyong,70,49,21,0,70
kennethreitz,162,119,43,0,162
Zulko,64,56,8,0,64
zijie0,21,7,14,0,21
chenshuo,63,39,24,0,63
Koenkk,115,45,70,0,115
webpro,137,80,57,0,137
xiaoyaocz,17,14,3,0,17
krisk,42,12,30,0,42
zergtant,63,14,49,0,63
hfiref0x,36,32,4,0,36
allinurl,16,8,8,0,16
xifangczy,31,10,21,0,31
p0deje,121,35,86,0,121
kenjihiranabe,29,23,6,0,29
petkaantonov,62,30,32,0,62
vim-scripts,5209,5209,0,0,5209
bizz84,138,108,30,0,138
arialdomartini,172,136,36,0,172
w-okada,104,47,57,0,104
rocksdanister,89,40,49,0,89
jmoiron,99,54,45,0,99
bnb,301,132,169,0,301
quozd,13,5,8,0,13
benfred,44,21,23,0,44
wong2,232,92,140,0,232
mayswind,39,21,18,0,39
felixge,319,184,135,0,319
perkfly,59,33,26,0,59
mxcl,87,62,25,0,87
mdo,36,24,12,0,36
Olshansk,208,94,114,0,208
ShusenTang,33,23,10,0,33
pavlobu,43,25,18,0,43
bojone,109,91,18,0,109
progrium,295,216,79,0,295
code4craft,124,88,36,0,124
inancgumus,29,23,6,0,29
modood,10,10,0,0,10
smicallef,2,1,1,0,2
bendc,12,12,0,0,12
kean,32,30,2,0,32
Nagi-ovo,70,41,29,0,70
henrypp,19,18,1,0,19
cipher387,43,43,0,0,43
snail007,138,78,60,0,138
fathyb,93,27,66,0,93
yangchong211,35,35,0,0,35
Rem0o,22,18,4,0,22
Evil0ctal,93,62,31,0,93
dgryski,234,222,12,0,234
zyronon,37,30,7,0,37
mcollina,826,494,332,0,826
pedrovgs,76,61,15,0,76
jindongwang,68,28,40,0,68
learning-zone,45,45,0,0,45
thlorenz,527,459,68,0,527
taniarascia,51,51,0,0,51
lionsoul2014,14,11,3,0,14
stas00,156,30,126,0,156
asweigart,313,254,59,0,313
birobirobiro,104,96,8,0,104
cnlohr,249,205,44,0,249
airyland,171,108,63,0,171
JeffLi1993,96,45,51,0,96
Exrick,17,14,3,0,17
nondanee,54,48,6,0,54
EZLippi,20,13,7,0,20
mjhea0,398,381,17,0,398
joho,83,57,26,0,83
brannondorsey,330,149,181,0,330
kgretzky,21,9,12,0,21
floooh,165,128,37,0,165
Juanpe,56,17,39,0,56
nolanlawson,506,269,237,0,506
bkaradzic,41,14,27,0,41
lirantal,497,269,228,0,497
asLody,36,22,14,0,36
rauchg,180,101,79,0,180
rigtorp,61,36,25,0,61
DenverCoder1,93,69,24,0,93
hahwul,232,134,98,0,232
nosir,9,8,1,0,9
objective-see,29,28,1,0,29
yanue,14,13,1,0,14
davatron5000,67,38,29,0,67
FaridSafi,75,40,35,0,75
iCHAIT,53,33,20,0,53
hadley,415,350,65,0,415
safak,44,44,0,0,44
hasaneyldrm,45,33,12,0,45
Yixiaohan,20,12,8,0,20
yudai,71,27,44,0,71
KoljaB,36,20,16,0,36
kriskowal,199,118,81,0,199
mksglu,79,52,27,0,79
linlinjava,6,3,3,0,6
lokesh,58,55,3,0,58
lowlighter,36,34,2,0,36
tobiasahlin,12,11,1,0,12
winterbe,47,33,14,0,47
felipefialho,42,30,12,0,42
dhg,21,17,4,0,21
krishnadey30,39,29,10,0,39
devxoul,236,163,73,0,236
rushter,19,13,6,0,19
andlabs,50,44,6,0,50
andreamazz,135,39,96,0,135
mzlogin,84,65,19,0,84
Rigellute,92,67,25,0,92
jeasonlzy,13,12,1,0,13
HelloZeroNet,32,26,6,0,32
zxwk1998,27,21,6,0,27
wagerfield,90,51,39,0,90
asciimoo,84,60,24,0,84
MoienTajik,26,21,5,0,26
learnbyexample,33,30,3,0,33
yaronn,44,26,18,0,44
lihaoyun6,79,54,25,0,79
qinguoyi,46,13,33,0,46
dhamaniasad,342,131,211,0,342
jpetazzo,345,189,156,0,345
shidenggui,66,43,23,0,66
happydog-intj,559,92,467,0,559
huangzworks,54,54,0,0,54
cirosantilli,626,270,356,0,626
